customer_id,customer_name,email,region,city,join_date,customer_type,age,gender,total_spent,total_orders,avg_order_val,recency_days,segment
CUST0001,Pallavi Reddy,user1@email.com,West,Mumbai,2022-02-21,Returning,36,Female,49516.52,3.0,4951.65,50.0,Medium Value
CUST0002,Pooja Singh,user2@email.com,Central,Bhopal,2022-09-24,Returning,53,Male,60252.8,3.0,5477.53,78.0,Medium Value
CUST0003,Simran Kumar,user3@email.com,East,Patna,2023-01-24,New,46,Female,49759.64,4.0,4975.96,82.0,Medium Value
CUST0004,Vijay Kumar,user4@email.com,Central,Nagpur,2022-12-02,Returning,35,Male,65515.36,3.0,6551.54,77.0,Medium Value
CUST0005,Anil Patel,user5@email.com,Central,Nagpur,2022-08-05,Returning,19,Female,89632.38,4.0,5975.49,29.0,High Value
CUST0006,Sanjay Reddy,user6@email.com,South,Chennai,2023-04-11,New,18,Female,7605.860000000001,1.0,3802.93,361.0,Low Value
CUST0007,Naveen Sharma,user7@email.com,East,Kolkata,2022-12-01,Returning,64,Female,8515.130000000001,3.0,2838.38,1.0,Low Value
CUST0008,Priya Rao,user8@email.com,East,Kolkata,2022-12-12,New,22,Female,150633.15,8.0,7173.01,26.0,High Value
CUST0009,Ananya Verma,user9@email.com,East,Guwahati,2023-01-24,New,37,Female,0.0,0.0,,,Low Value
CUST0010,Ankita Shah,user10@email.com,Central,Bhopal,2022-10-12,Returning,28,Female,27685.760000000002,2.0,5537.15,16.0,Low Value
CUST0011,Divya Pandey,user11@email.com,West,Mumbai,2023-03-08,Returning,59,Male,21298.27,2.0,7099.42,86.0,Low Value
CUST0012,Amit Mehta,user12@email.com,East,Kolkata,2022-09-16,Returning,19,Male,79599.66,5.0,5306.64,6.0,High Value
CUST0013,Suresh Pandey,user13@email.com,Central,Nagpur,2022-03-25,Returning,20,Female,97944.64,7.0,5154.98,35.0,High Value
CUST0014,Manish Patel,user14@email.com,South,Chennai,2023-04-27,Returning,40,Female,47040.61,3.0,4704.06,146.0,Medium Value
CUST0015,Sneha Patel,user15@email.com,West,Mumbai,2022-01-20,New,29,Female,46570.28,2.0,6652.9,91.0,Medium Value
CUST0016,Rahul Agarwal,user16@email.com,South,Chennai,2023-07-07,New,37,Male,76364.8,5.0,4772.8,147.0,High Value
CUST0017,Shreya Mishra,user17@email.com,West,Surat,2022-02-23,Returning,22,Male,52170.46,5.0,4013.11,23.0,Medium Value
CUST0018,Ritu Mehta,user18@email.com,Central,Nagpur,2022-12-25,Returning,54,Male,0.0,0.0,,,Low Value
CUST0019,Meera Saxena,user19@email.com,North,Ludhiana,2022-08-18,Returning,55,Female,43186.07,4.0,4798.45,37.0,Medium Value
CUST0020,Amit Mehta,user20@email.com,West,Ahmedabad,2023-10-28,Returning,47,Male,115190.21,5.0,6062.64,12.0,High Value
CUST0021,Anil Nair,user21@email.com,South,Bangalore,2022-03-12,New,26,Male,101533.78,9.0,4414.51,21.0,High Value
CUST0022,Anil Nair,user22@email.com,Central,Nagpur,2023-10-30,Returning,51,Male,39116.14,3.0,4889.52,186.0,Medium Value
CUST0023,Nisha Sharma,user23@email.com,West,Surat,2022-02-11,New,61,Male,41021.03,4.0,3418.42,171.0,Medium Value
CUST0024,Naveen Bose,user24@email.com,North,Amritsar,2022-02-01,Returning,52,Female,41244.729999999996,4.0,3749.52,35.0,Medium Value
CUST0025,Naveen Reddy,user25@email.com,North,Amritsar,2022-09-11,Returning,39,Male,45553.82,3.0,4555.38,213.0,Medium Value
CUST0026,Nisha Malhotra,user26@email.com,East,Bhubaneswar,2022-07-24,Returning,61,Female,33813.62,3.0,3757.07,139.0,Low Value
CUST0027,Sneha Singh,user27@email.com,East,Bhubaneswar,2022-01-21,Returning,41,Unknown,20146.32,1.0,10073.16,112.0,Low Value
CUST0028,Anil Shah,user28@email.com,South,Hyderabad,2023-09-29,New,34,Male,129780.65,7.0,5899.12,7.0,High Value
CUST0029,Manish Reddy,user29@email.com,West,Mumbai,2022-06-06,New,27,Male,10147.28,1.0,5073.64,338.0,Low Value
CUST0030,Deepak Pandey,user30@email.com,West,Mumbai,2022-09-02,Returning,47,Male,81726.70999999999,6.0,4301.41,56.0,High Value
CUST0031,Sanjay Nair,user31@email.com,East,Guwahati,2022-05-10,Returning,63,Male,79242.56,4.0,5660.18,9.0,High Value
CUST0032,Anil Reddy,user32@email.com,West,Mumbai,2023-04-30,New,40,Male,76500.27,3.0,6375.02,218.0,High Value
CUST0033,Vikas Mishra,user33@email.com,West,Ahmedabad,2023-11-17,New,49,Female,22185.1,1.0,5546.28,106.0,Low Value
CUST0034,Shreya Iyer,user34@email.com,North,Amritsar,2022-04-28,Returning,34,Male,5933.799999999999,1.0,2966.9,6.0,Low Value
CUST0035,Neha Mehta,user35@email.com,East,Patna,2023-08-01,New,34,Female,97437.54000000001,7.0,3897.5,78.0,High Value
CUST0036,Raj Saxena,user36@email.com,Central,Bhopal,2022-08-12,Returning,31,Female,22245.379999999997,1.0,7415.13,160.0,Low Value
CUST0037,Divya Saxena,user37@email.com,East,Guwahati,2023-04-22,Returning,26,Female,83980.29000000001,4.0,5998.59,21.0,High Value
CUST0038,Ankita Reddy,user38@email.com,Central,Bhopal,2023-12-18,New,57,Male,18595.57,3.0,3719.11,16.0,Low Value
CUST0039,Aryan Mishra,user39@email.com,North,Ludhiana,2022-09-20,New,19,Male,32587.510000000002,3.0,4073.44,3.0,Low Value
CUST0040,Rohit Sharma,user40@email.com,South,Bangalore,2023-01-13,Returning,62,Male,15899.8,1.0,3974.95,217.0,Low Value
CUST0041,Manish Verma,user41@email.com,West,Ahmedabad,2022-06-21,Returning,42,Male,128184.42,7.0,6409.22,66.0,High Value
CUST0042,Pallavi Agarwal,user42@email.com,North,Amritsar,2023-09-13,Returning,56,Other,61146.170000000006,3.0,5558.74,86.0,Medium Value
CUST0043,Preeti Iyer,user43@email.com,West,Pune,2023-09-14,Returning,26,Male,48656.84,3.0,4865.68,30.0,Medium Value
CUST0044,Harish Reddy,user44@email.com,South,Bangalore,2022-04-28,Returning,39,Male,89981.73,3.0,7498.48,9.0,High Value
CUST0045,Vijay Mehta,user45@email.com,South,Bangalore,2022-06-17,Returning,60,Female,67403.73,4.0,5184.9,24.0,Medium Value
CUST0046,Ritu Shah,user46@email.com,North,Chandigarh,2022-11-15,Returning,63,Female,141007.06,5.0,6409.41,39.0,High Value
CUST0047,Pooja Joshi,user47@email.com,South,Hyderabad,2022-04-21,Returning,21,Female,158794.28,8.0,5881.27,17.0,High Value
CUST0048,Ritu Nair,user48@email.com,Central,Bhopal,2023-08-16,New,43,Male,19102.190000000002,3.0,2728.88,10.0,Low Value
CUST0049,Nisha Gupta,user49@email.com,South,Chennai,2022-01-27,Returning,46,Male,128639.3,7.0,6770.49,6.0,High Value
CUST0050,Deepak Kumar,user50@email.com,West,Mumbai,2022-11-16,Returning,42,Female,84151.02,3.0,6010.79,152.0,High Value
CUST0051,Naveen Verma,user51@email.com,West,Surat,2023-08-13,Returning,51,Male,58228.15,4.0,5293.47,50.0,Medium Value
CUST0052,Ankita Bose,user52@email.com,West,Ahmedabad,2023-11-25,Returning,40,Male,36736.49,2.0,7347.3,186.0,Medium Value
CUST0053,Priya Saxena,user53@email.com,West,Surat,2023-01-20,New,54,Male,103642.6,5.0,5454.87,72.0,High Value
CUST0054,Divya Gupta,user54@email.com,Central,Indore,2023-02-11,Returning,28,Male,58526.31,5.0,3901.75,5.0,Medium Value
CUST0055,Rahul Reddy,user55@email.com,East,Bhubaneswar,2022-07-23,New,23,Male,74558.45999999999,4.0,5735.27,76.0,High Value
CUST0056,Karan Pandey,user56@email.com,North,Amritsar,2022-03-19,Returning,35,Male,31342.07,2.0,5223.68,112.0,Low Value
CUST0057,Sneha Joshi,user57@email.com,West,Ahmedabad,2023-08-30,New,38,Female,79838.05,5.0,5322.54,95.0,High Value
CUST0058,Amit Malhotra,user58@email.com,South,Chennai,2023-12-09,New,59,Female,4731.12,1.0,4731.12,325.0,Low Value
CUST0059,Naveen Shah,user59@email.com,West,Ahmedabad,2023-10-05,New,53,Female,127485.08,8.0,5311.88,17.0,High Value
CUST0060,Suresh Chopra,user60@email.com,South,Bangalore,2022-09-06,Returning,58,Male,29210.41,2.0,4868.4,11.0,Low Value
CUST0061,Pallavi Nair,user61@email.com,South,Chennai,2022-04-15,Returning,55,Male,97582.82999999999,6.0,5135.94,7.0,High Value
CUST0062,Harish Patel,user62@email.com,West,Pune,2023-12-15,Returning,51,Male,48214.65,3.0,4383.15,89.0,Medium Value
CUST0063,Rohit Iyer,user63@email.com,Central,Nagpur,2022-11-05,Returning,34,Female,71949.04000000001,4.0,5995.75,27.0,Medium Value
CUST0064,Ananya Reddy,user64@email.com,South,Kochi,2023-12-02,Returning,54,Female,34809.37,3.0,5801.56,59.0,Low Value
CUST0065,Preeti Rao,user65@email.com,South,Kochi,2023-09-07,New,42,Male,74755.58,5.0,5339.68,4.0,High Value
CUST0066,Ananya Kumar,user66@email.com,West,Ahmedabad,2022-05-04,Returning,55,Female,85304.7,5.0,4739.15,88.0,High Value
CUST0067,Anil Singh,user67@email.com,South,Chennai,2023-08-03,New,29,Male,76988.54,4.0,6998.96,113.0,High Value
CUST0068,Amit Mehta,user68@email.com,South,Hyderabad,2022-02-12,Returning,40,Female,106395.61,5.0,6258.57,10.0,High Value
CUST0069,Shreya Mishra,user69@email.com,West,Mumbai,2022-12-22,New,59,Female,68944.15,3.0,6894.41,41.0,Medium Value
CUST0070,Shreya Malhotra,user70@email.com,West,Pune,2023-06-30,Returning,39,Female,83582.79,7.0,4643.49,52.0,High Value
CUST0071,Divya Singh,user71@email.com,North,Delhi,2023-03-15,New,38,Female,23800.83,1.0,5950.21,287.0,Low Value
CUST0072,Ananya Mishra,user72@email.com,Central,Indore,2023-11-09,Returning,44,Female,67510.08,5.0,5625.84,5.0,Medium Value
CUST0073,Aryan Nair,user73@email.com,Central,Raipur,2023-01-15,Returning,48,Male,20576.66,2.0,2572.08,51.0,Low Value
CUST0074,Kavya Kumar,user74@email.com,South,Hyderabad,2022-03-12,Returning,23,Female,60307.26,4.0,6030.73,124.0,Medium Value
CUST0075,Anil Shah,user75@email.com,Central,Bhopal,2023-06-03,New,44,Male,150117.81,8.0,5559.92,49.0,High Value
CUST0076,Nisha Nair,user76@email.com,South,Chennai,2023-10-26,Returning,57,Female,51922.57,5.0,4720.23,19.0,Medium Value
CUST0077,Manish Mishra,user77@email.com,North,Amritsar,2022-12-16,Returning,51,Female,20817.3,1.0,4163.46,201.0,Low Value
CUST0078,Harish Shah,user78@email.com,West,Pune,2022-01-13,Returning,29,Female,43846.55,2.0,8769.31,55.0,Medium Value
CUST0079,Neha Mehta,user79@email.com,West,Surat,2023-03-07,Returning,62,Male,34859.52,3.0,5809.92,19.0,Low Value
CUST0080,Meera Sharma,user80@email.com,West,Surat,2023-05-17,Returning,24,Female,0.0,0.0,,,Low Value
CUST0081,Ritu Malhotra,user81@email.com,Central,Raipur,2022-04-19,Returning,27,Female,12842.699999999999,2.0,4280.9,65.0,Low Value
CUST0082,Karan Agarwal,user82@email.com,North,Chandigarh,2023-03-20,Returning,62,Female,48888.4,4.0,4888.84,9.0,Medium Value
CUST0083,Pooja Singh,user83@email.com,Central,Indore,2023-01-06,Returning,34,Male,64002.619999999995,3.0,5818.42,93.0,Medium Value
CUST0084,Deepak Bose,user84@email.com,Central,Nagpur,2023-10-13,Returning,43,Male,84288.42,6.0,4958.14,33.0,High Value
CUST0085,Pallavi Reddy,user85@email.com,North,Chandigarh,2023-04-16,New,38,Male,15411.0,1.0,3852.75,157.0,Low Value
CUST0086,Deepak Pandey,user86@email.com,North,Amritsar,2023-12-26,New,45,Male,53469.82,6.0,3564.65,17.0,Medium Value
CUST0087,Neha Gupta,user87@email.com,North,Ludhiana,2022-06-06,Returning,63,Female,46230.15,3.0,5778.77,140.0,Medium Value
CUST0088,Priya Verma,user88@email.com,North,Ludhiana,2023-03-22,Returning,19,Male,18591.6,1.0,3718.32,228.0,Low Value
CUST0089,Ankita Iyer,user89@email.com,West,Ahmedabad,2022-06-30,Returning,60,Other,32283.39,3.0,4035.42,23.0,Low Value
CUST0090,Neha Kumar,user90@email.com,East,Bhubaneswar,2023-06-19,Returning,18,Male,178819.79,8.0,6386.42,24.0,High Value
CUST0091,Pooja Malhotra,user91@email.com,East,Bhubaneswar,2023-10-29,New,53,Male,11959.85,2.0,3986.62,77.0,Low Value
CUST0092,Amit Mishra,user92@email.com,North,Ludhiana,2022-10-04,New,43,Female,39760.78,4.0,3976.08,2.0,Medium Value
CUST0093,Anil Shah,user93@email.com,East,Kolkata,2023-09-23,Returning,46,Female,73681.23,4.0,4912.08,21.0,High Value
CUST0094,Nisha Malhotra,user94@email.com,East,Kolkata,2023-07-06,Returning,38,Male,9741.27,1.0,3247.09,318.0,Low Value
CUST0095,Simran Saxena,user95@email.com,North,Delhi,2023-05-11,Returning,28,Female,0.0,0.0,,,Low Value
CUST0096,Preeti Gupta,user96@email.com,East,Bhubaneswar,2023-04-22,New,57,Female,14468.66,2.0,2411.44,164.0,Low Value
CUST0097,Naveen Pandey,user97@email.com,Central,Nagpur,2023-03-23,Returning,28,Male,25157.449999999997,1.0,5031.49,226.0,Low Value
CUST0098,Deepak Kumar,user98@email.com,South,Kochi,2023-08-30,Returning,53,Other,57004.36,4.0,5182.21,155.0,Medium Value
CUST0099,Harish Iyer,user99@email.com,South,Bangalore,2022-10-02,Returning,42,Other,51630.29,3.0,8605.05,56.0,Medium Value
CUST0100,Ritu Pandey,user100@email.com,North,Ludhiana,2022-11-27,Returning,57,Female,112474.65,6.0,5623.73,21.0,High Value
CUST0101,Rohit Verma,user101@email.com,West,Surat,2022-09-09,New,52,Male,66196.71,6.0,6017.88,87.0,Medium Value
CUST0102,Sanjay Shah,user102@email.com,North,Ludhiana,2022-03-30,Returning,51,Female,82945.69,6.0,4879.16,55.0,High Value
CUST0103,Vikas Bose,user103@email.com,West,Ahmedabad,2022-10-13,Returning,64,Male,7047.77,1.0,7047.77,357.0,Low Value
CUST0104,Anil Mehta,user104@email.com,South,Bangalore,2023-04-07,New,41,Male,99555.3,7.0,4148.14,29.0,High Value
CUST0105,Shreya Shah,user105@email.com,North,Delhi,2022-09-07,Returning,39,Male,20209.96,1.0,4041.99,278.0,Low Value
CUST0106,Neha Shah,user106@email.com,Central,Indore,2023-04-21,Returning,22,Male,65119.96,3.0,5426.66,164.0,Medium Value
CUST0107,Kavya Shah,user107@email.com,East,Patna,2023-08-07,Returning,50,Female,97204.97,6.0,6075.31,37.0,High Value
CUST0108,Priya Mishra,user108@email.com,West,Mumbai,2023-09-17,Returning,53,Female,94315.89,5.0,5239.77,28.0,High Value
CUST0109,Rohit Joshi,user109@email.com,East,Patna,2023-11-16,Returning,64,Female,122263.73999999999,7.0,6113.19,28.0,High Value
CUST0110,Neha Bose,user110@email.com,East,Guwahati,2023-01-24,Returning,37,Male,2238.5,2.0,1119.25,171.0,Low Value
CUST0111,Rahul Joshi,user111@email.com,North,Chandigarh,2022-12-11,Returning,36,Male,93447.03,5.0,5840.44,96.0,High Value
CUST0112,Deepak Agarwal,user112@email.com,East,Guwahati,2022-01-30,Returning,52,Male,62507.630000000005,3.0,5682.51,26.0,Medium Value
CUST0113,Aryan Verma,user113@email.com,Central,Bhopal,2023-05-22,New,60,Other,121958.44,6.0,5543.57,86.0,High Value
CUST0114,Ananya Rao,user114@email.com,East,Patna,2022-11-29,New,34,Male,37417.45,2.0,9354.36,112.0,Medium Value
CUST0115,Pooja Gupta,user115@email.com,North,Chandigarh,2022-07-06,Returning,62,Female,11548.38,1.0,11548.38,273.0,Low Value
CUST0116,Ananya Saxena,user116@email.com,Central,Bhopal,2023-05-15,Returning,60,Female,84458.05,4.0,6032.72,44.0,High Value
CUST0117,Vikas Singh,user117@email.com,South,Hyderabad,2022-08-06,Returning,51,Male,55298.25,5.0,5027.11,35.0,Medium Value
CUST0118,Harish Malhotra,user118@email.com,East,Bhubaneswar,2022-12-30,New,26,Female,72288.95,6.0,5163.5,84.0,High Value
CUST0119,Vikas Saxena,user119@email.com,North,Chandigarh,2022-09-22,Returning,43,Male,60269.62,4.0,6026.96,72.0,Medium Value
CUST0120,Vikas Mehta,user120@email.com,South,Hyderabad,2022-12-15,Returning,19,Female,76897.0,5.0,6990.64,46.0,High Value
CUST0121,Karan Gupta,user121@email.com,South,Chennai,2022-10-14,Returning,26,Female,54788.02,3.0,7826.86,113.0,Medium Value
CUST0122,Ananya Agarwal,user122@email.com,West,Mumbai,2023-09-03,Returning,26,Male,70571.41,3.0,6415.58,41.0,Medium Value
CUST0123,Aryan Nair,user123@email.com,Central,Indore,2023-12-20,Returning,57,Male,16254.24,1.0,4063.56,117.0,Low Value
CUST0124,Shreya Gupta,user124@email.com,East,Guwahati,2022-10-10,Returning,34,Female,88702.46,5.0,5543.9,48.0,High Value
CUST0125,Amit Malhotra,user125@email.com,North,Delhi,2023-07-24,Returning,18,Female,97175.43,6.0,5398.63,61.0,High Value
CUST0126,Rohit Patel,user126@email.com,West,Mumbai,2022-01-11,New,42,Male,110712.11,5.0,6150.67,67.0,High Value
CUST0127,Neha Sharma,user127@email.com,Central,Indore,2023-06-14,New,60,Female,71976.07,7.0,3598.8,49.0,High Value
CUST0128,Amit Sharma,user128@email.com,West,Ahmedabad,2022-07-15,Returning,57,Female,26000.58,3.0,4333.43,103.0,Low Value
CUST0129,Divya Mehta,user129@email.com,Central,Nagpur,2022-03-29,Returning,59,Female,66988.56999999999,4.0,3940.5,75.0,Medium Value
CUST0130,Manish Rao,user130@email.com,Central,Bhopal,2022-09-05,Returning,42,Male,0.0,0.0,,,Low Value
CUST0131,Aryan Patel,user131@email.com,East,Bhubaneswar,2023-02-21,Returning,56,Female,10540.52,3.0,2635.13,12.0,Low Value
CUST0132,Rohit Verma,user132@email.com,Central,Bhopal,2023-05-16,Returning,52,Female,51943.97,4.0,5771.55,36.0,Medium Value
CUST0133,Amit Pandey,user133@email.com,West,Mumbai,2023-07-23,Returning,20,Male,17995.73,2.0,5998.58,245.0,Low Value
CUST0134,Suresh Kumar,user134@email.com,Central,Raipur,2022-09-04,Returning,42,Male,52863.68,4.0,4405.31,31.0,Medium Value
CUST0135,Preeti Singh,user135@email.com,East,Kolkata,2023-12-09,Returning,61,Other,39000.94,2.0,5571.56,49.0,Medium Value
CUST0136,Meera Bose,user136@email.com,East,Bhubaneswar,2023-05-03,New,61,Male,42651.81,3.0,4265.18,84.0,Medium Value
CUST0137,Vijay Shah,user137@email.com,West,Pune,2023-10-24,Returning,47,Female,88272.33,4.0,6790.18,68.0,High Value
CUST0138,Suresh Saxena,user138@email.com,South,Kochi,2023-12-30,New,55,Male,74644.4,4.0,5741.88,169.0,High Value
CUST0139,Neha Bose,user139@email.com,South,Chennai,2023-05-18,Returning,51,Male,84273.69,5.0,7022.81,10.0,High Value
CUST0140,Suresh Mehta,user140@email.com,Central,Indore,2023-04-04,Returning,29,Female,24554.89,2.0,3069.36,25.0,Low Value
CUST0141,Ritu Verma,user141@email.com,North,Ludhiana,2022-01-18,New,36,Male,59106.53,4.0,4546.66,92.0,Medium Value
CUST0142,Preeti Chopra,user142@email.com,Central,Nagpur,2022-04-06,Returning,54,Female,82771.56,5.0,5912.25,27.0,High Value
CUST0143,Ankita Bose,user143@email.com,West,Pune,2022-10-29,Returning,61,Male,82531.75,5.0,4585.1,62.0,High Value
CUST0144,Deepak Sharma,user144@email.com,West,Ahmedabad,2022-08-15,Returning,34,Female,37789.31,2.0,5398.47,114.0,Medium Value
CUST0145,Priya Iyer,user145@email.com,West,Surat,2023-02-19,New,27,Male,32505.45,2.0,5417.58,25.0,Low Value
CUST0146,Shreya Mishra,user146@email.com,West,Ahmedabad,2023-12-10,Returning,64,Male,66526.85,4.0,4157.93,5.0,Medium Value
CUST0147,Simran Kumar,user147@email.com,West,Surat,2022-09-07,Returning,29,Female,130249.33,8.0,5427.06,43.0,High Value
CUST0148,Meera Bose,user148@email.com,East,Guwahati,2022-11-10,Returning,33,Male,90185.92,5.0,5010.33,2.0,High Value
CUST0149,Rahul Singh,user149@email.com,South,Bangalore,2023-11-11,Returning,41,Female,43654.88,3.0,6236.41,212.0,Medium Value
CUST0150,Karan Agarwal,user150@email.com,West,Pune,2023-08-19,Returning,42,Male,30870.93,2.0,6174.19,87.0,Low Value
CUST0151,Amit Singh,user151@email.com,North,Chandigarh,2023-01-13,Returning,25,Unknown,0.0,0.0,,,Low Value
CUST0152,Amit Nair,user152@email.com,North,Delhi,2023-04-30,Returning,48,Male,99005.67,5.0,5823.86,72.0,High Value
CUST0153,Ritu Saxena,user153@email.com,North,Amritsar,2023-07-21,Returning,38,Female,79107.5,3.0,6592.29,162.0,High Value
CUST0154,Kavya Rao,user154@email.com,North,Delhi,2023-06-28,Returning,34,Male,113468.47,9.0,4727.85,5.0,High Value
CUST0155,Raj Agarwal,user155@email.com,East,Bhubaneswar,2022-12-19,New,40,Male,38961.68,2.0,4870.21,15.0,Medium Value
CUST0156,Suresh Reddy,user156@email.com,North,Chandigarh,2023-03-12,New,54,Male,139835.07,7.0,5179.08,144.0,High Value
CUST0157,Anil Chopra,user157@email.com,West,Mumbai,2023-07-18,Returning,33,Male,37402.15,4.0,3400.2,22.0,Medium Value
CUST0158,Ritu Pandey,user158@email.com,Central,Bhopal,2022-12-05,Returning,23,Female,54553.6,5.0,4196.43,20.0,Medium Value
CUST0159,Neha Kumar,user159@email.com,North,Delhi,2022-12-27,Returning,25,Male,18174.78,2.0,6058.26,51.0,Low Value
CUST0160,Shreya Malhotra,user160@email.com,East,Bhubaneswar,2023-12-21,New,42,Female,50678.54,4.0,4607.14,53.0,Medium Value
CUST0161,Preeti Joshi,user161@email.com,East,Kolkata,2023-04-10,New,35,Male,80237.88,6.0,4223.05,120.0,High Value
CUST0162,Simran Bose,user162@email.com,North,Delhi,2022-10-05,New,42,Male,110282.95,8.0,4595.12,112.0,High Value
CUST0163,Naveen Mehta,user163@email.com,Central,Indore,2022-11-10,Returning,29,Female,77167.98999999999,5.0,6430.67,28.0,High Value
CUST0164,Simran Rao,user164@email.com,North,Delhi,2022-09-15,Returning,32,Female,92352.95,4.0,5772.06,84.0,High Value
CUST0165,Harish Bose,user165@email.com,East,Bhubaneswar,2022-08-25,Returning,43,Male,56694.729999999996,4.0,4049.62,61.0,Medium Value
CUST0166,Raj Pandey,user166@email.com,South,Hyderabad,2022-05-04,Returning,58,Male,17064.71,2.0,3412.94,29.0,Low Value
CUST0167,Preeti Kumar,user167@email.com,West,Surat,2022-07-17,Returning,62,Male,43459.69,3.0,5432.46,41.0,Medium Value
CUST0168,Karan Pandey,user168@email.com,East,Bhubaneswar,2022-11-20,New,43,Female,45955.729999999996,2.0,7659.29,118.0,Medium Value
CUST0169,Karan Nair,user169@email.com,North,Chandigarh,2022-05-03,Returning,64,Female,25953.06,3.0,2883.67,131.0,Low Value
CUST0170,Divya Gupta,user170@email.com,West,Surat,2023-07-03,Returning,49,Male,61530.07,2.0,6836.67,195.0,Medium Value
CUST0171,Nisha Iyer,user171@email.com,North,Chandigarh,2023-12-08,Returning,27,Female,18287.3,2.0,3047.88,243.0,Low Value
CUST0172,Rahul Singh,user172@email.com,North,Ludhiana,2022-07-09,Returning,33,Female,43690.01,2.0,6241.43,250.0,Medium Value
CUST0173,Harish Singh,user173@email.com,South,Kochi,2022-07-16,Returning,24,Female,84561.5,5.0,5285.09,177.0,High Value
CUST0174,Rahul Pandey,user174@email.com,West,Pune,2022-08-10,Returning,34,Female,83942.37,4.0,6457.11,176.0,High Value
CUST0175,Neha Shah,user175@email.com,West,Mumbai,2023-05-11,New,40,Male,97768.81,6.0,5431.6,130.0,High Value
CUST0176,Ananya Gupta,user176@email.com,South,Bangalore,2022-10-11,Returning,43,Male,80515.01,3.0,6709.58,133.0,High Value
CUST0177,Kavya Verma,user177@email.com,East,Guwahati,2023-08-27,Returning,38,Male,57311.22,4.0,5210.11,12.0,Medium Value
CUST0178,Manish Malhotra,user178@email.com,North,Amritsar,2023-06-22,New,39,Male,47321.84,4.0,3943.49,100.0,Medium Value
CUST0179,Kavya Rao,user179@email.com,Central,Raipur,2023-09-04,Returning,24,Female,40572.52,3.0,4508.06,79.0,Medium Value
CUST0180,Nisha Kumar,user180@email.com,North,Ludhiana,2022-10-17,Returning,31,Female,8888.77,1.0,8888.77,153.0,Low Value
CUST0181,Simran Shah,user181@email.com,North,Ludhiana,2022-04-13,Returning,32,Male,30234.82,2.0,6046.96,16.0,Low Value
CUST0182,Shreya Pandey,user182@email.com,East,Kolkata,2022-07-18,New,24,Male,41038.45,3.0,4559.83,91.0,Medium Value
CUST0183,Shreya Verma,user183@email.com,North,Delhi,2022-10-31,Returning,26,Male,98768.31999999999,6.0,5809.9,18.0,High Value
CUST0184,Ankita Agarwal,user184@email.com,South,Bangalore,2022-08-21,New,42,Female,61997.31,5.0,4133.15,13.0,Medium Value
CUST0185,Ankita Shah,user185@email.com,South,Kochi,2023-01-05,New,40,Male,0.0,0.0,,,Low Value
CUST0186,Neha Saxena,user186@email.com,West,Ahmedabad,2022-07-03,New,46,Female,74969.9,4.0,4997.99,85.0,High Value
CUST0187,Suresh Joshi,user187@email.com,Central,Bhopal,2022-11-06,New,35,Male,20094.88,2.0,4018.98,124.0,Low Value
CUST0188,Amit Iyer,user188@email.com,North,Chandigarh,2022-01-15,New,48,Male,161479.24,9.0,4749.39,2.0,High Value
CUST0189,Pooja Kumar,user189@email.com,North,Chandigarh,2023-12-27,New,47,Other,39240.76,3.0,3924.08,197.0,Medium Value
CUST0190,Divya Malhotra,user190@email.com,East,Bhubaneswar,2023-07-01,Returning,56,Female,24646.899999999998,3.0,4107.82,31.0,Low Value
CUST0191,Divya Kumar,user191@email.com,South,Kochi,2022-05-10,New,52,Male,41876.2,4.0,4652.91,151.0,Medium Value
CUST0192,Vijay Nair,user192@email.com,Central,Nagpur,2022-10-08,New,35,Female,106533.0,6.0,5918.5,185.0,High Value
CUST0193,Manish Mehta,user193@email.com,West,Surat,2022-02-16,Returning,59,Female,20377.489999999998,1.0,5094.37,181.0,Low Value
CUST0194,Ananya Pandey,user194@email.com,South,Chennai,2022-02-25,Returning,56,Female,56378.15,3.0,7047.27,56.0,Medium Value
CUST0195,Shreya Malhotra,user195@email.com,West,Ahmedabad,2023-07-21,Returning,34,Male,21558.23,2.0,5389.56,173.0,Low Value
CUST0196,Vijay Agarwal,user196@email.com,East,Guwahati,2022-10-27,New,31,Female,100610.8,6.0,5030.54,43.0,High Value
CUST0197,Ritu Malhotra,user197@email.com,East,Bhubaneswar,2023-12-16,New,48,Male,768.67,1.0,768.67,339.0,Low Value
CUST0198,Aryan Agarwal,user198@email.com,North,Delhi,2022-05-10,New,41,Female,96513.17,5.0,6434.21,13.0,High Value
CUST0199,Pallavi Nair,user199@email.com,Central,Raipur,2023-10-16,New,42,Male,93429.53,2.0,10381.06,106.0,High Value
CUST0200,Aryan Patel,user200@email.com,West,Mumbai,2023-05-18,New,61,Male,0.0,0.0,,,Low Value
CUST0201,Rohit Reddy,user201@email.com,South,Bangalore,2022-04-16,New,62,Male,90233.5,7.0,3759.73,3.0,High Value
CUST0202,Pallavi Rao,user202@email.com,East,Kolkata,2022-01-13,New,51,Female,96929.09,4.0,7456.08,83.0,High Value
CUST0203,Divya Sharma,user203@email.com,North,Delhi,2023-08-11,New,20,Male,82450.04000000001,3.0,7495.46,118.0,High Value
CUST0204,Sneha Gupta,user204@email.com,North,Chandigarh,2022-10-19,Returning,54,Female,61681.06,3.0,7710.13,199.0,Medium Value
CUST0205,Manish Mishra,user205@email.com,West,Pune,2023-04-26,New,60,Female,40549.259999999995,3.0,5792.75,90.0,Medium Value
CUST0206,Rahul Gupta,user206@email.com,East,Guwahati,2023-05-06,Returning,57,Male,16370.66,1.0,5456.89,27.0,Low Value
CUST0207,Preeti Sharma,user207@email.com,Central,Raipur,2023-03-28,Returning,43,Female,14023.99,1.0,2804.8,219.0,Low Value
CUST0208,Rahul Chopra,user208@email.com,East,Guwahati,2022-12-15,Returning,40,Male,24976.91,2.0,4995.38,62.0,Low Value
CUST0209,Vikas Mishra,user209@email.com,West,Pune,2022-07-08,New,61,Female,73927.06,3.0,7392.71,70.0,High Value
CUST0210,Simran Bose,user210@email.com,West,Surat,2022-02-22,Returning,56,Male,90327.26,6.0,5645.45,17.0,High Value
CUST0211,Karan Patel,user211@email.com,East,Kolkata,2022-09-16,Returning,32,Female,68870.01,4.0,5739.17,68.0,Medium Value
CUST0212,Divya Reddy,user212@email.com,West,Pune,2023-05-05,New,21,Female,3044.04,1.0,3044.04,262.0,Low Value
CUST0213,Preeti Rao,user213@email.com,East,Guwahati,2022-04-27,Returning,46,Female,76555.34,5.0,6379.61,14.0,High Value
CUST0214,Vijay Saxena,user214@email.com,South,Bangalore,2022-03-08,Returning,39,Female,124718.94,8.0,4619.22,33.0,High Value
CUST0215,Ritu Singh,user215@email.com,East,Guwahati,2023-02-15,New,42,Male,26097.24,3.0,3728.18,21.0,Low Value
CUST0216,Naveen Verma,user216@email.com,East,Patna,2023-05-19,New,30,Female,93085.44,6.0,5817.84,2.0,High Value
CUST0217,Amit Patel,user217@email.com,West,Surat,2022-03-17,Returning,35,Female,40625.63,3.0,5078.2,165.0,Medium Value
CUST0218,Vijay Agarwal,user218@email.com,West,Ahmedabad,2023-08-14,Returning,50,Female,103990.16,5.0,5473.17,13.0,High Value
CUST0219,Priya Singh,user219@email.com,North,Ludhiana,2023-10-07,New,33,Male,40061.59,3.0,5007.7,150.0,Medium Value
CUST0220,Rohit Bose,user220@email.com,North,Ludhiana,2023-12-04,New,62,Female,56966.65,3.0,5178.79,84.0,Medium Value
CUST0221,Nisha Pandey,user221@email.com,South,Chennai,2022-02-24,Returning,59,Female,58294.45,2.0,8327.78,104.0,Medium Value
CUST0222,Meera Agarwal,user222@email.com,North,Chandigarh,2022-06-05,Returning,61,Unknown,62526.86,4.0,4809.76,38.0,Medium Value
CUST0223,Anil Pandey,user223@email.com,East,Patna,2022-06-02,Returning,19,Male,43130.41,4.0,3594.2,147.0,Medium Value
CUST0224,Rohit Joshi,user224@email.com,West,Pune,2023-07-31,Returning,52,Female,93044.95,4.0,6203.0,162.0,High Value
CUST0225,Vijay Chopra,user225@email.com,North,Delhi,2022-11-08,Returning,42,Male,31962.77,4.0,3995.35,91.0,Low Value
CUST0226,Neha Shah,user226@email.com,North,Delhi,2022-03-29,Returning,51,Female,20428.33,3.0,3404.72,5.0,Low Value
CUST0227,Simran Kumar,user227@email.com,South,Hyderabad,2022-09-12,New,47,Male,100978.67,7.0,4390.38,50.0,High Value
CUST0228,Ankita Saxena,user228@email.com,South,Bangalore,2022-05-02,New,30,Female,92060.65,5.0,6137.38,32.0,High Value
CUST0229,Meera Chopra,user229@email.com,East,Kolkata,2023-07-26,Returning,30,Other,30586.57,2.0,3823.32,138.0,Low Value
CUST0230,Nisha Reddy,user230@email.com,West,Surat,2023-03-03,Returning,35,Unknown,33593.73,2.0,5598.96,39.0,Low Value
CUST0231,Priya Mehta,user231@email.com,South,Chennai,2023-09-13,Returning,49,Other,43448.59,3.0,6206.94,2.0,Medium Value
CUST0232,Raj Agarwal,user232@email.com,North,Delhi,2023-09-03,Returning,49,Male,62427.94,3.0,4802.15,57.0,Medium Value
CUST0233,Priya Sharma,user233@email.com,West,Mumbai,2023-09-26,New,52,Female,96004.34,4.0,6000.27,65.0,High Value
CUST0234,Vikas Reddy,user234@email.com,West,Pune,2022-08-20,Returning,56,Female,19632.25,3.0,2454.03,156.0,Low Value
CUST0235,Vikas Gupta,user235@email.com,North,Delhi,2023-06-20,Returning,63,Female,49460.15,4.0,4946.02,139.0,Medium Value
CUST0236,Vijay Nair,user236@email.com,South,Bangalore,2023-01-25,New,46,Female,45718.26,2.0,7619.71,121.0,Medium Value
CUST0237,Ankita Rao,user237@email.com,North,Chandigarh,2023-04-07,New,46,Female,33968.94,2.0,5661.49,69.0,Low Value
CUST0238,Neha Sharma,user238@email.com,West,Surat,2023-03-30,Returning,61,Male,12724.77,1.0,4241.59,201.0,Low Value
CUST0239,Meera Pandey,user239@email.com,Central,Bhopal,2022-11-01,New,33,Male,31887.079999999998,2.0,4555.3,15.0,Low Value
CUST0240,Sneha Gupta,user240@email.com,Central,Nagpur,2023-08-26,New,61,Female,49887.55,3.0,7126.79,94.0,Medium Value
CUST0241,Raj Malhotra,user241@email.com,East,Kolkata,2023-03-16,New,64,Female,47545.03,3.0,4754.5,1.0,Medium Value
CUST0242,Sanjay Mehta,user242@email.com,North,Delhi,2022-11-09,New,27,Female,25967.14,2.0,6491.78,141.0,Low Value
CUST0243,Suresh Malhotra,user243@email.com,North,Ludhiana,2023-08-06,New,47,Female,54267.4,3.0,4933.4,80.0,Medium Value
CUST0244,Harish Shah,user244@email.com,East,Patna,2023-09-28,Returning,42,Male,5578.22,1.0,5578.22,109.0,Low Value
CUST0245,Rahul Mishra,user245@email.com,East,Patna,2022-03-03,Returning,56,Female,77141.91,4.0,5510.14,130.0,High Value
CUST0246,Shreya Verma,user246@email.com,East,Bhubaneswar,2023-09-17,Returning,37,Unknown,35686.01,3.0,4460.75,126.0,Low Value
CUST0247,Simran Sharma,user247@email.com,West,Ahmedabad,2022-04-12,Returning,22,Female,30356.440000000002,3.0,4336.63,62.0,Low Value
CUST0248,Anil Singh,user248@email.com,North,Chandigarh,2022-08-01,Returning,18,Male,104899.69,6.0,6170.57,30.0,High Value
CUST0249,Shreya Rao,user249@email.com,West,Ahmedabad,2023-10-03,New,47,Male,17845.72,2.0,4461.43,122.0,Low Value
CUST0250,Manish Pandey,user250@email.com,East,Guwahati,2022-08-05,Returning,20,Male,113312.44,5.0,6665.44,6.0,High Value
CUST0251,Manish Mishra,user251@email.com,North,Chandigarh,2022-09-28,Returning,62,Male,35134.87,4.0,2927.91,35.0,Low Value
CUST0252,Sanjay Pandey,user252@email.com,West,Ahmedabad,2023-11-08,Returning,31,Female,65092.4,4.0,4339.49,14.0,Medium Value
CUST0253,Ankita Kumar,user253@email.com,West,Surat,2022-03-25,Returning,47,Male,0.0,0.0,,,Low Value
CUST0254,Raj Sharma,user254@email.com,East,Patna,2022-06-10,New,21,Male,68515.63,3.0,7612.85,40.0,Medium Value
CUST0255,Karan Patel,user255@email.com,North,Delhi,2022-09-03,New,35,Male,51865.770000000004,2.0,8644.3,45.0,Medium Value
CUST0256,Ananya Agarwal,user256@email.com,East,Kolkata,2022-06-27,Returning,54,Male,5811.01,1.0,1937.0,317.0,Low Value
CUST0257,Anil Shah,user257@email.com,North,Ludhiana,2023-07-20,Returning,42,Male,33556.93,2.0,5592.82,10.0,Low Value
CUST0258,Rahul Pandey,user258@email.com,Central,Bhopal,2022-03-18,Returning,18,Unknown,36899.479999999996,3.0,3689.95,39.0,Medium Value
CUST0259,Shreya Kumar,user259@email.com,South,Bangalore,2022-06-10,Returning,63,Female,64336.16,4.0,4948.94,115.0,Medium Value
CUST0260,Pooja Pandey,user260@email.com,South,Chennai,2022-01-03,Returning,32,Female,184031.14,11.0,6345.9,34.0,High Value
CUST0261,Manish Mishra,user261@email.com,South,Hyderabad,2023-02-23,Returning,26,Female,29400.35,2.0,4900.06,52.0,Low Value
CUST0262,Suresh Singh,user262@email.com,East,Bhubaneswar,2023-04-07,New,32,Male,46485.93,4.0,3873.83,45.0,Medium Value
CUST0263,Raj Reddy,user263@email.com,Central,Indore,2023-12-07,New,41,Male,30210.1,2.0,6042.02,19.0,Low Value
CUST0264,Preeti Rao,user264@email.com,North,Delhi,2023-09-01,New,21,Female,67116.11,6.0,5593.01,5.0,Medium Value
CUST0265,Pooja Rao,user265@email.com,West,Pune,2023-04-27,New,29,Female,43239.2,4.0,4804.36,37.0,Medium Value
CUST0266,Vijay Patel,user266@email.com,North,Amritsar,2022-10-26,New,54,Male,9576.59,1.0,3192.2,76.0,Low Value
CUST0267,Rahul Chopra,user267@email.com,West,Ahmedabad,2022-02-03,New,54,Male,99194.0,5.0,6612.93,1.0,High Value
CUST0268,Deepak Kumar,user268@email.com,North,Chandigarh,2022-08-26,New,60,Male,141384.42,7.0,5655.38,1.0,High Value
CUST0269,Suresh Chopra,user269@email.com,Central,Raipur,2022-10-23,New,23,Male,31666.56,2.0,5277.76,140.0,Low Value
CUST0270,Vikas Shah,user270@email.com,West,Ahmedabad,2023-12-25,Returning,56,Male,59168.11,3.0,4930.68,189.0,Medium Value
CUST0271,Divya Gupta,user271@email.com,East,Kolkata,2022-10-17,New,63,Female,21124.91,1.0,7041.64,308.0,Low Value
CUST0272,Pooja Kumar,user272@email.com,North,Amritsar,2023-12-21,Returning,41,Female,64521.93,3.0,5865.63,91.0,Medium Value
CUST0273,Amit Nair,user273@email.com,North,Delhi,2023-04-10,Returning,28,Female,79118.39,5.0,6086.03,33.0,High Value
CUST0274,Vikas Patel,user274@email.com,West,Pune,2022-03-14,Returning,30,Female,83152.34,4.0,5939.45,19.0,High Value
CUST0275,Ritu Gupta,user275@email.com,East,Patna,2023-12-05,New,51,Female,84972.44,6.0,4720.69,91.0,High Value
CUST0276,Vijay Singh,user276@email.com,East,Kolkata,2022-08-28,Returning,42,Female,30564.91,2.0,6112.98,65.0,Low Value
CUST0277,Sneha Iyer,user277@email.com,Central,Bhopal,2022-09-28,Returning,24,Female,98853.56,6.0,6590.24,252.0,High Value
CUST0278,Anil Saxena,user278@email.com,East,Bhubaneswar,2023-10-03,Returning,42,Male,27281.739999999998,2.0,3897.39,101.0,Low Value
CUST0279,Vijay Saxena,user279@email.com,East,Patna,2023-08-27,Returning,25,Male,74620.69,3.0,6783.7,60.0,High Value
CUST0280,Anil Saxena,user280@email.com,East,Patna,2023-11-09,New,37,Male,45486.9,3.0,7581.15,28.0,Medium Value
CUST0281,Deepak Agarwal,user281@email.com,South,Chennai,2022-07-22,New,46,Female,69534.75,4.0,4966.77,200.0,Medium Value
CUST0282,Karan Rao,user282@email.com,Central,Indore,2023-03-12,Returning,62,Female,24807.68,2.0,4961.54,65.0,Low Value
CUST0283,Amit Bose,user283@email.com,North,Chandigarh,2022-04-28,Returning,63,Male,43013.26,4.0,3910.3,86.0,Medium Value
CUST0284,Rahul Iyer,user284@email.com,West,Ahmedabad,2023-07-12,Returning,27,Female,86570.97,4.0,5410.69,188.0,High Value
CUST0285,Anil Reddy,user285@email.com,North,Ludhiana,2022-08-19,Returning,60,Male,69586.13,3.0,6326.01,6.0,Medium Value
CUST0286,Ananya Nair,user286@email.com,Central,Indore,2023-10-26,New,42,Female,56190.95,3.0,5108.27,115.0,Medium Value
CUST0287,Manish Verma,user287@email.com,West,Mumbai,2022-06-02,Returning,43,Male,18079.34,1.0,3615.87,135.0,Low Value
CUST0288,Divya Chopra,user288@email.com,Central,Bhopal,2022-09-30,New,58,Male,29885.93,2.0,3735.74,183.0,Low Value
CUST0289,Rahul Reddy,user289@email.com,East,Guwahati,2022-05-26,New,20,Male,27577.63,2.0,4596.27,107.0,Low Value
CUST0290,Anil Bose,user290@email.com,West,Ahmedabad,2022-03-15,Returning,42,Male,108880.79,5.0,7258.72,18.0,High Value
CUST0291,Priya Verma,user291@email.com,East,Kolkata,2022-03-03,Returning,22,Male,18598.17,1.0,3719.63,82.0,Low Value
CUST0292,Divya Reddy,user292@email.com,North,Delhi,2022-06-19,New,22,Unknown,56508.11,2.0,5650.81,4.0,Medium Value
CUST0293,Rahul Singh,user293@email.com,North,Amritsar,2022-11-11,New,64,Female,27049.82,2.0,4508.3,33.0,Low Value
CUST0294,Ritu Agarwal,user294@email.com,West,Pune,2023-09-02,Returning,40,Female,129225.29000000001,7.0,6801.33,21.0,High Value
CUST0295,Suresh Mishra,user295@email.com,West,Ahmedabad,2023-08-06,New,26,Male,63545.15,4.0,5295.43,37.0,Medium Value
CUST0296,Anil Saxena,user296@email.com,Central,Nagpur,2022-10-23,Returning,52,Female,8242.45,1.0,2060.61,357.0,Low Value
CUST0297,Kavya Verma,user297@email.com,Central,Raipur,2023-03-26,New,37,Female,29451.07,2.0,4908.51,219.0,Low Value
CUST0298,Anil Saxena,user298@email.com,East,Guwahati,2022-05-08,Returning,59,Male,14701.869999999999,2.0,3675.47,70.0,Low Value
CUST0299,Deepak Joshi,user299@email.com,West,Mumbai,2023-04-25,Returning,52,Male,25649.2,1.0,6412.3,107.0,Low Value
CUST0300,Karan Agarwal,user300@email.com,North,Delhi,2023-12-07,New,35,Male,12577.23,1.0,4192.41,156.0,Low Value
CUST0301,Meera Chopra,user301@email.com,Central,Bhopal,2022-11-08,New,34,Male,94781.03,6.0,4739.05,77.0,High Value
CUST0302,Amit Verma,user302@email.com,Central,Nagpur,2023-12-18,New,41,Female,115760.09999999999,6.0,6431.12,70.0,High Value
CUST0303,Anil Kumar,user303@email.com,North,Delhi,2023-02-17,New,20,Male,27984.31,5.0,2798.43,30.0,Low Value
CUST0304,Ananya Rao,user304@email.com,Central,Indore,2022-10-06,Returning,49,Female,53420.19,3.0,5342.02,45.0,Medium Value
CUST0305,Sanjay Singh,user305@email.com,East,Bhubaneswar,2023-05-28,New,52,Female,90324.08,5.0,5313.18,37.0,High Value
CUST0306,Suresh Patel,user306@email.com,West,Surat,2023-07-07,Returning,55,Male,31434.28,2.0,5239.05,44.0,Low Value
CUST0307,Priya Mehta,user307@email.com,North,Chandigarh,2023-05-21,New,30,Female,102268.18,7.0,6015.78,124.0,High Value
CUST0308,Sanjay Bose,user308@email.com,West,Mumbai,2023-03-25,Returning,64,Male,56819.19,4.0,5681.92,172.0,Medium Value
CUST0309,Anil Chopra,user309@email.com,Central,Indore,2022-03-24,Returning,42,Female,38147.810000000005,2.0,6357.97,71.0,Medium Value
CUST0310,Suresh Agarwal,user310@email.com,Central,Indore,2023-09-05,Returning,26,Male,81019.88,5.0,5401.33,17.0,High Value
CUST0311,Sneha Shah,user311@email.com,North,Delhi,2022-02-10,Returning,21,Female,76637.59,3.0,6967.05,120.0,High Value
CUST0312,Divya Reddy,user312@email.com,East,Patna,2023-03-19,Returning,31,Female,58361.42,3.0,4863.45,3.0,Medium Value
CUST0313,Raj Pandey,user313@email.com,South,Chennai,2022-11-27,New,54,Male,163737.9,8.0,5847.78,15.0,High Value
CUST0314,Vijay Rao,user314@email.com,North,Chandigarh,2023-09-11,Returning,51,Female,81392.77,4.0,6260.98,105.0,High Value
CUST0315,Nisha Agarwal,user315@email.com,South,Bangalore,2022-09-14,Returning,28,Female,32442.28,1.0,10814.09,112.0,Low Value
CUST0316,Priya Rao,user316@email.com,South,Hyderabad,2022-01-27,Returning,58,Female,42910.54,3.0,4291.05,190.0,Medium Value
CUST0317,Rahul Rao,user317@email.com,East,Guwahati,2022-04-04,New,20,Female,18178.72,1.0,9089.36,341.0,Low Value
CUST0318,Neha Malhotra,user318@email.com,South,Chennai,2022-08-23,Returning,45,Female,19220.480000000003,1.0,3844.1,279.0,Low Value
CUST0319,Nisha Mishra,user319@email.com,South,Chennai,2023-11-22,Returning,46,Male,35806.770000000004,3.0,4475.85,111.0,Low Value
CUST0320,Ankita Nair,user320@email.com,East,Bhubaneswar,2023-08-13,New,26,Male,97327.40999999999,6.0,5407.08,89.0,High Value
CUST0321,Preeti Agarwal,user321@email.com,South,Chennai,2023-08-25,New,20,Female,104814.53,6.0,5240.73,61.0,High Value
CUST0322,Shreya Gupta,user322@email.com,South,Kochi,2022-01-22,Returning,42,Male,3686.9799999999996,1.0,1228.99,138.0,Low Value
CUST0323,Karan Singh,user323@email.com,South,Bangalore,2023-11-20,Returning,51,Female,21225.579999999998,2.0,3537.6,38.0,Low Value
CUST0324,Manish Gupta,user324@email.com,North,Chandigarh,2022-10-03,Returning,29,Female,69789.26000000001,3.0,6344.48,174.0,Medium Value
CUST0325,Pallavi Shah,user325@email.com,North,Amritsar,2023-08-14,New,59,Male,120017.07,8.0,5218.13,5.0,High Value
CUST0326,Ankita Mishra,user326@email.com,North,Ludhiana,2022-02-11,Returning,26,Male,48014.38,2.0,6859.2,125.0,Medium Value
CUST0327,Amit Agarwal,user327@email.com,East,Bhubaneswar,2022-06-29,New,32,Female,49554.45,3.0,5506.05,185.0,Medium Value
CUST0328,Sanjay Singh,user328@email.com,Central,Indore,2023-04-27,New,57,Male,53225.33,3.0,5913.93,158.0,Medium Value
CUST0329,Ankita Malhotra,user329@email.com,South,Chennai,2023-06-16,New,42,Female,20980.010000000002,3.0,5245.0,10.0,Low Value
CUST0330,Raj Rao,user330@email.com,South,Bangalore,2023-10-30,Returning,22,Male,71233.23,2.0,7914.8,173.0,Medium Value
CUST0331,Harish Gupta,user331@email.com,East,Guwahati,2023-03-29,Returning,28,Female,63124.39,4.0,5738.58,35.0,Medium Value
CUST0332,Nisha Chopra,user332@email.com,South,Bangalore,2022-10-12,Returning,51,Male,23037.78,4.0,5759.44,34.0,Low Value
CUST0333,Rahul Pandey,user333@email.com,North,Ludhiana,2022-07-05,Returning,41,Female,13937.490000000002,3.0,3484.37,113.0,Low Value
CUST0334,Suresh Shah,user334@email.com,Central,Nagpur,2023-08-23,Returning,32,Male,27387.43,2.0,2738.74,21.0,Low Value
CUST0335,Aryan Shah,user335@email.com,West,Pune,2023-03-23,Returning,55,Female,41910.61,2.0,5987.23,17.0,Medium Value
CUST0336,Ankita Patel,user336@email.com,South,Kochi,2023-10-13,Returning,25,Male,81572.91,4.0,6797.74,39.0,High Value
CUST0337,Vikas Rao,user337@email.com,North,Amritsar,2023-05-19,Returning,22,Female,67995.69,5.0,4249.73,54.0,Medium Value
CUST0338,Vijay Iyer,user338@email.com,West,Ahmedabad,2022-04-04,Returning,43,Female,98377.31,6.0,5177.75,8.0,High Value
CUST0339,Vikas Mehta,user339@email.com,Central,Nagpur,2023-04-27,Returning,35,Male,2201.54,1.0,1100.77,231.0,Low Value
CUST0340,Amit Gupta,user340@email.com,West,Pune,2022-12-23,New,23,Male,74770.3,4.0,4673.14,152.0,High Value
CUST0341,Rahul Reddy,user341@email.com,North,Delhi,2023-02-23,Returning,42,Male,38213.21,5.0,2939.48,69.0,Medium Value
CUST0342,Shreya Kumar,user342@email.com,West,Pune,2022-12-08,Returning,30,Female,42781.020000000004,3.0,5347.63,164.0,Medium Value
CUST0343,Suresh Malhotra,user343@email.com,East,Guwahati,2022-11-25,New,45,Female,105993.19,6.0,5578.59,42.0,High Value
CUST0344,Harish Chopra,user344@email.com,West,Ahmedabad,2023-11-18,Returning,22,Female,59899.56,5.0,4991.63,17.0,Medium Value
CUST0345,Priya Rao,user345@email.com,South,Hyderabad,2022-04-18,Returning,30,Male,1395.22,1.0,1395.22,30.0,Low Value
CUST0346,Naveen Agarwal,user346@email.com,South,Bangalore,2022-06-14,Returning,34,Male,14503.77,1.0,4834.59,110.0,Low Value
CUST0347,Amit Agarwal,user347@email.com,East,Patna,2022-12-04,Returning,57,Female,42221.26,3.0,4222.13,162.0,Medium Value
CUST0348,Raj Gupta,user348@email.com,North,Amritsar,2023-02-26,Returning,62,Male,18828.739999999998,1.0,3765.75,195.0,Low Value
CUST0349,Sneha Patel,user349@email.com,South,Kochi,2023-12-12,New,49,Other,39165.68,3.0,6527.61,5.0,Medium Value
CUST0350,Harish Agarwal,user350@email.com,Central,Indore,2023-05-23,Returning,46,Male,60478.06,4.0,4652.16,77.0,Medium Value
CUST0351,Ananya Patel,user351@email.com,South,Bangalore,2022-10-23,Returning,20,Female,50045.68,2.0,6255.71,181.0,Medium Value
CUST0352,Preeti Bose,user352@email.com,South,Bangalore,2023-11-10,New,57,Male,18280.62,3.0,2611.52,118.0,Low Value
CUST0353,Priya Pandey,user353@email.com,North,Amritsar,2023-02-15,New,51,Male,20008.160000000003,2.0,4001.63,234.0,Low Value
CUST0354,Divya Mehta,user354@email.com,West,Pune,2023-07-18,Returning,57,Female,126853.94,9.0,4879.0,19.0,High Value
CUST0355,Anil Agarwal,user355@email.com,South,Hyderabad,2022-02-07,Returning,44,Female,89624.9,5.0,5601.56,81.0,High Value
CUST0356,Ankita Bose,user356@email.com,East,Kolkata,2023-04-11,Returning,30,Other,62596.17,4.0,5690.56,107.0,Medium Value
CUST0357,Pooja Malhotra,user357@email.com,West,Mumbai,2022-04-01,Returning,62,Male,69418.18,4.0,6310.74,123.0,Medium Value
CUST0358,Pooja Reddy,user358@email.com,Central,Raipur,2022-11-19,Returning,50,Male,37917.880000000005,4.0,3447.08,35.0,Medium Value
CUST0359,Ananya Iyer,user359@email.com,North,Amritsar,2022-09-16,New,23,Female,72001.04,4.0,6000.09,110.0,High Value
CUST0360,Naveen Joshi,user360@email.com,Central,Indore,2022-11-28,New,41,Female,62362.71,2.0,6929.19,111.0,Medium Value
CUST0361,Divya Saxena,user361@email.com,West,Surat,2022-04-29,New,36,Male,91290.98,6.0,5370.06,30.0,High Value
CUST0362,Anil Bose,user362@email.com,West,Mumbai,2023-02-18,Returning,33,Male,23935.41,4.0,3989.24,134.0,Low Value
CUST0363,Vijay Reddy,user363@email.com,West,Surat,2023-06-11,New,57,Male,106845.64,4.0,5935.87,86.0,High Value
CUST0364,Vijay Mishra,user364@email.com,Central,Nagpur,2022-01-02,Returning,45,Female,144473.63,7.0,5159.77,13.0,High Value
CUST0365,Suresh Chopra,user365@email.com,West,Ahmedabad,2023-11-05,Returning,50,Male,69033.21,5.0,5310.25,15.0,Medium Value
CUST0366,Simran Patel,user366@email.com,Central,Bhopal,2023-07-10,Returning,58,Male,62339.02,4.0,5667.18,62.0,Medium Value
CUST0367,Harish Joshi,user367@email.com,West,Surat,2023-04-19,New,30,Male,0.0,0.0,,,Low Value
CUST0368,Ananya Agarwal,user368@email.com,East,Kolkata,2023-02-28,Returning,60,Male,11808.97,1.0,11808.97,130.0,Low Value
CUST0369,Amit Nair,user369@email.com,West,Pune,2022-02-25,New,62,Male,97573.12,7.0,5135.43,30.0,High Value
CUST0370,Priya Iyer,user370@email.com,Central,Indore,2022-07-12,Returning,42,Female,20229.41,3.0,4045.88,42.0,Low Value
CUST0371,Shreya Shah,user371@email.com,South,Kochi,2023-06-15,New,59,Male,51727.93,3.0,6465.99,18.0,Medium Value
CUST0372,Kavya Kumar,user372@email.com,West,Mumbai,2023-01-06,Returning,53,Female,49214.91,3.0,4474.08,72.0,Medium Value
CUST0373,Sanjay Chopra,user373@email.com,South,Hyderabad,2023-09-30,Returning,44,Male,18944.41,1.0,3788.88,91.0,Low Value
CUST0374,Shreya Kumar,user374@email.com,East,Patna,2023-05-26,New,55,Female,60147.630000000005,2.0,6683.07,1.0,Medium Value
CUST0375,Ankita Singh,user375@email.com,North,Delhi,2023-10-03,New,24,Female,75357.02,5.0,6279.75,31.0,High Value
CUST0376,Vijay Patel,user376@email.com,East,Patna,2023-03-29,Returning,22,Female,112350.53,6.0,5617.53,77.0,High Value
CUST0377,Rohit Bose,user377@email.com,West,Ahmedabad,2022-02-22,Returning,60,Female,80136.69,4.0,6164.36,11.0,High Value
CUST0378,Naveen Chopra,user378@email.com,South,Kochi,2022-07-28,Returning,62,Male,16355.45,2.0,2725.91,171.0,Low Value
CUST0379,Amit Pandey,user379@email.com,South,Hyderabad,2022-10-01,Returning,48,Male,32194.34,2.0,8048.58,94.0,Low Value
CUST0380,Rahul Mehta,user380@email.com,Central,Raipur,2023-07-17,Returning,40,Female,66710.89,6.0,5559.24,15.0,Medium Value
CUST0381,Harish Bose,user381@email.com,South,Hyderabad,2022-05-15,New,59,Other,45829.49,3.0,4582.95,72.0,Medium Value
CUST0382,Naveen Shah,user382@email.com,Central,Nagpur,2022-10-22,New,27,Female,21723.39,3.0,3620.56,131.0,Low Value
CUST0383,Pallavi Sharma,user383@email.com,North,Chandigarh,2023-03-25,New,49,Female,65889.78,3.0,5989.98,48.0,Medium Value
CUST0384,Simran Verma,user384@email.com,West,Surat,2023-12-17,Returning,60,Female,115921.98999999999,5.0,5796.1,24.0,High Value
CUST0385,Raj Chopra,user385@email.com,Central,Raipur,2023-05-12,Returning,47,Male,26926.18,1.0,6731.54,210.0,Low Value
CUST0386,Divya Mehta,user386@email.com,North,Chandigarh,2022-05-05,Returning,56,Male,50279.3,2.0,5586.59,92.0,Medium Value
CUST0387,Raj Singh,user387@email.com,South,Hyderabad,2022-01-30,Returning,48,Female,132555.52,6.0,5763.28,62.0,High Value
CUST0388,Divya Mehta,user388@email.com,South,Kochi,2023-10-08,Returning,35,Female,43730.93,3.0,4858.99,99.0,Medium Value
CUST0389,Aryan Rao,user389@email.com,North,Delhi,2023-09-16,New,53,Male,21405.2,1.0,5351.3,243.0,Low Value
CUST0390,Pallavi Kumar,user390@email.com,South,Hyderabad,2022-09-03,Returning,19,Unknown,78578.9,3.0,8730.99,134.0,High Value
CUST0391,Harish Rao,user391@email.com,North,Amritsar,2023-12-28,Returning,31,Male,75059.25,4.0,5361.38,5.0,High Value
CUST0392,Ananya Gupta,user392@email.com,Central,Nagpur,2022-06-12,Returning,30,Female,19996.36,2.0,4999.09,168.0,Low Value
CUST0393,Amit Verma,user393@email.com,Central,Raipur,2022-11-15,New,42,Male,127033.41,6.0,7057.41,1.0,High Value
CUST0394,Ankita Iyer,user394@email.com,North,Amritsar,2023-07-19,Returning,29,Male,78321.02,5.0,6024.69,17.0,High Value
CUST0395,Sanjay Gupta,user395@email.com,Central,Raipur,2022-01-15,Returning,56,Female,51917.21,5.0,3993.63,24.0,Medium Value
CUST0396,Vijay Iyer,user396@email.com,Central,Raipur,2023-07-20,Returning,19,Male,15234.16,1.0,5078.05,249.0,Low Value
CUST0397,Anil Agarwal,user397@email.com,Central,Raipur,2023-02-22,Returning,49,Female,85522.4,5.0,4501.18,172.0,High Value
CUST0398,Aryan Singh,user398@email.com,East,Bhubaneswar,2022-04-06,Returning,30,Female,58130.380000000005,4.0,6458.93,12.0,Medium Value
CUST0399,Aryan Nair,user399@email.com,West,Surat,2022-08-19,Returning,63,Female,143626.63,7.0,5984.44,50.0,High Value
CUST0400,Vikas Gupta,user400@email.com,South,Chennai,2022-04-27,New,44,Male,36791.29,4.0,5255.9,126.0,Medium Value
CUST0401,Kavya Agarwal,user401@email.com,East,Kolkata,2023-04-18,Returning,58,Male,61843.840000000004,7.0,3865.24,87.0,Medium Value
CUST0402,Suresh Pandey,user402@email.com,Central,Indore,2022-05-01,Returning,34,Male,20973.41,1.0,5243.35,136.0,Low Value
CUST0403,Neha Reddy,user403@email.com,North,Amritsar,2023-10-26,Returning,57,Other,98302.59,6.0,5461.26,108.0,High Value
CUST0404,Pooja Reddy,user404@email.com,Central,Bhopal,2022-06-07,Returning,48,Female,10385.14,2.0,2596.28,15.0,Low Value
CUST0405,Neha Verma,user405@email.com,West,Pune,2023-05-26,Returning,51,Female,77911.31,5.0,5565.09,105.0,High Value
CUST0406,Pooja Pandey,user406@email.com,Central,Indore,2022-10-26,Returning,41,Female,51973.33,3.0,4724.85,56.0,Medium Value
CUST0407,Deepak Agarwal,user407@email.com,North,Chandigarh,2023-06-06,Returning,62,Female,17471.88,2.0,5823.96,132.0,Low Value
CUST0408,Anil Singh,user408@email.com,West,Pune,2023-12-24,New,52,Female,71957.59,5.0,4797.17,1.0,High Value
CUST0409,Neha Iyer,user409@email.com,Central,Nagpur,2022-10-07,Returning,23,Male,109266.73,5.0,6070.37,13.0,High Value
CUST0410,Ritu Malhotra,user410@email.com,West,Mumbai,2023-03-02,Returning,36,Female,8356.59,1.0,4178.3,205.0,Low Value
CUST0411,Aryan Chopra,user411@email.com,South,Bangalore,2023-05-10,New,47,Male,93004.42,5.0,5812.78,84.0,High Value
CUST0412,Manish Mehta,user412@email.com,South,Chennai,2023-04-29,Returning,24,Female,99883.16,5.0,6242.7,38.0,High Value
CUST0413,Sanjay Gupta,user413@email.com,Central,Raipur,2022-09-07,Returning,27,Female,37554.32,2.0,4172.7,8.0,Medium Value
CUST0414,Ankita Pandey,user414@email.com,West,Mumbai,2023-04-13,Returning,58,Female,72673.55,4.0,4542.1,74.0,High Value
CUST0415,Aryan Agarwal,user415@email.com,North,Ludhiana,2023-07-19,Returning,49,Male,21166.55,3.0,3527.76,229.0,Low Value
CUST0416,Divya Mehta,user416@email.com,Central,Raipur,2022-05-29,Returning,51,Male,25170.18,2.0,3595.74,16.0,Low Value
CUST0417,Manish Pandey,user417@email.com,South,Chennai,2023-01-28,New,45,Male,187625.24,9.0,6949.08,117.0,High Value
CUST0418,Sneha Singh,user418@email.com,South,Kochi,2022-07-15,New,32,Male,90491.15,5.0,4762.69,289.0,High Value
CUST0419,Suresh Shah,user419@email.com,Central,Raipur,2023-09-06,Returning,47,Male,110832.89,4.0,7388.86,81.0,High Value
CUST0420,Rahul Chopra,user420@email.com,West,Surat,2023-06-05,New,54,Female,10502.91,3.0,1500.42,7.0,Low Value
CUST0421,Kavya Chopra,user421@email.com,South,Chennai,2022-05-20,New,46,Female,104162.4,6.0,4528.8,43.0,High Value
CUST0422,Ananya Chopra,user422@email.com,West,Pune,2022-03-13,Returning,39,Male,30945.21,3.0,3438.36,21.0,Low Value
CUST0423,Kavya Sharma,user423@email.com,South,Bangalore,2022-10-10,Returning,42,Male,33658.350000000006,4.0,3365.84,43.0,Low Value
CUST0424,Raj Iyer,user424@email.com,South,Bangalore,2023-03-01,Returning,37,Male,130835.14,8.0,5947.05,11.0,High Value
CUST0425,Priya Mishra,user425@email.com,East,Guwahati,2022-12-15,New,49,Female,63492.65,6.0,5291.05,67.0,Medium Value
CUST0426,Divya Nair,user426@email.com,South,Chennai,2023-06-04,New,53,Female,106736.20999999999,4.0,7624.02,93.0,High Value
CUST0427,Preeti Sharma,user427@email.com,North,Chandigarh,2022-10-01,Returning,21,Female,46337.17,2.0,6619.6,39.0,Medium Value
CUST0428,Divya Singh,user428@email.com,Central,Raipur,2022-01-03,Returning,44,Male,151357.43,6.0,8408.75,33.0,High Value
CUST0429,Divya Mehta,user429@email.com,Central,Bhopal,2022-10-17,New,34,Other,21327.07,4.0,2665.88,51.0,Low Value
CUST0430,Preeti Kumar,user430@email.com,West,Pune,2022-11-02,Returning,29,Female,63356.9,4.0,6335.69,65.0,Medium Value
CUST0431,Vijay Saxena,user431@email.com,South,Bangalore,2023-08-25,New,39,Male,135695.0,8.0,6461.67,10.0,High Value
CUST0432,Preeti Rao,user432@email.com,North,Ludhiana,2023-08-17,New,34,Female,89753.64,6.0,5609.6,66.0,High Value
CUST0433,Amit Verma,user433@email.com,West,Pune,2023-11-07,Returning,42,Male,845.54,1.0,845.54,279.0,Low Value
CUST0434,Divya Malhotra,user434@email.com,East,Guwahati,2023-05-17,Returning,18,Female,28025.9,4.0,2802.59,171.0,Low Value
CUST0435,Karan Patel,user435@email.com,West,Ahmedabad,2022-06-02,Returning,39,Male,62554.59,5.0,3909.66,67.0,Medium Value
CUST0436,Harish Bose,user436@email.com,West,Surat,2023-04-03,Returning,43,Female,19693.72,1.0,6564.57,241.0,Low Value
CUST0437,Sanjay Iyer,user437@email.com,South,Kochi,2023-07-06,Returning,35,Female,92076.15,6.0,4846.11,5.0,High Value
CUST0438,Deepak Patel,user438@email.com,East,Guwahati,2023-05-11,Returning,31,Female,43654.93,4.0,4365.49,20.0,Medium Value
CUST0439,Ananya Gupta,user439@email.com,West,Pune,2022-12-20,New,64,Female,57484.26,3.0,7185.53,135.0,Medium Value
CUST0440,Rahul Bose,user440@email.com,North,Ludhiana,2022-12-07,Returning,46,Male,93283.67,3.0,7175.67,166.0,High Value
CUST0441,Priya Reddy,user441@email.com,North,Ludhiana,2023-07-20,New,29,Male,45297.36,5.0,4117.94,17.0,Medium Value
CUST0442,Vikas Verma,user442@email.com,Central,Indore,2023-07-11,Returning,53,Male,37367.28,3.0,4670.91,44.0,Medium Value
CUST0443,Ananya Joshi,user443@email.com,East,Bhubaneswar,2023-01-22,New,52,Male,36760.72,4.0,3676.07,29.0,Medium Value
CUST0444,Naveen Verma,user444@email.com,East,Patna,2023-04-12,Returning,29,Female,20055.12,2.0,5013.78,53.0,Low Value
CUST0445,Karan Reddy,user445@email.com,Central,Raipur,2022-11-26,New,24,Male,32456.27,4.0,2950.57,83.0,Low Value
CUST0446,Suresh Mishra,user446@email.com,West,Pune,2022-07-13,Returning,46,Other,74971.52,4.0,7497.15,141.0,High Value
CUST0447,Harish Malhotra,user447@email.com,East,Patna,2023-12-16,Returning,28,Female,29734.06,3.0,4955.68,234.0,Low Value
CUST0448,Meera Nair,user448@email.com,North,Ludhiana,2022-09-02,Returning,50,Female,29722.17,2.0,4953.7,118.0,Low Value
CUST0449,Priya Joshi,user449@email.com,North,Delhi,2023-08-09,New,23,Male,12946.900000000001,2.0,4315.63,10.0,Low Value
CUST0450,Ankita Shah,user450@email.com,South,Hyderabad,2023-01-28,Returning,64,Female,117212.93000000001,5.0,6511.83,110.0,High Value
CUST0451,Shreya Verma,user451@email.com,East,Bhubaneswar,2022-08-28,New,32,Female,61133.590000000004,3.0,5094.47,82.0,Medium Value
CUST0452,Shreya Rao,user452@email.com,West,Ahmedabad,2023-02-25,Returning,49,Male,26339.92,2.0,5267.98,40.0,Low Value
CUST0453,Rohit Kumar,user453@email.com,Central,Indore,2022-02-14,New,28,Female,29689.11,2.0,3711.14,20.0,Low Value
CUST0454,Ananya Shah,user454@email.com,Central,Indore,2022-11-22,New,40,Female,53528.96,5.0,4866.27,67.0,Medium Value
CUST0455,Simran Mishra,user455@email.com,West,Mumbai,2023-04-30,New,43,Male,23092.82,2.0,3848.8,62.0,Low Value
CUST0456,Preeti Bose,user456@email.com,South,Chennai,2023-12-24,Returning,51,Female,109104.83,6.0,5455.24,64.0,High Value
CUST0457,Naveen Mishra,user457@email.com,Central,Nagpur,2023-01-26,Returning,63,Male,13550.73,2.0,6775.36,158.0,Low Value
CUST0458,Karan Patel,user458@email.com,East,Bhubaneswar,2023-01-31,New,51,Male,0.0,0.0,,,Low Value
CUST0459,Meera Iyer,user459@email.com,South,Kochi,2023-11-11,Returning,46,Male,58705.81,4.0,5870.58,82.0,Medium Value
CUST0460,Divya Chopra,user460@email.com,East,Bhubaneswar,2023-10-30,Returning,21,Unknown,76202.25,3.0,6927.48,7.0,High Value
CUST0461,Rohit Singh,user461@email.com,North,Chandigarh,2022-06-05,Returning,34,Male,106339.88,5.0,6646.24,50.0,High Value
CUST0462,Preeti Pandey,user462@email.com,South,Bangalore,2023-05-23,Returning,52,Male,105731.79,6.0,5034.85,102.0,High Value
CUST0463,Rahul Pandey,user463@email.com,Central,Raipur,2022-02-07,Returning,30,Female,14925.02,1.0,4975.01,242.0,Low Value
CUST0464,Ritu Patel,user464@email.com,South,Kochi,2022-05-10,Returning,58,Female,29778.93,1.0,7444.73,178.0,Low Value
CUST0465,Kavya Reddy,user465@email.com,South,Hyderabad,2023-05-30,New,56,Female,29695.129999999997,5.0,3299.46,9.0,Low Value
CUST0466,Karan Kumar,user466@email.com,South,Kochi,2023-08-28,New,32,Male,25414.02,3.0,2310.37,52.0,Low Value
CUST0467,Rahul Rao,user467@email.com,South,Kochi,2022-12-06,Returning,46,Male,29286.61,2.0,4881.1,202.0,Low Value
CUST0468,Nisha Reddy,user468@email.com,East,Kolkata,2022-04-13,Returning,46,Unknown,65177.13,4.0,4655.51,6.0,Medium Value
CUST0469,Ankita Bose,user469@email.com,North,Chandigarh,2023-03-27,Returning,28,Male,22495.99,3.0,2812.0,55.0,Low Value
CUST0470,Ritu Pandey,user470@email.com,West,Surat,2022-04-13,New,49,Male,43601.11,3.0,3963.74,58.0,Medium Value
CUST0471,Sneha Bose,user471@email.com,South,Kochi,2023-06-23,Returning,19,Female,65987.92,5.0,4124.24,52.0,Medium Value
CUST0472,Divya Bose,user472@email.com,Central,Bhopal,2023-04-13,Returning,64,Male,37481.26,3.0,3407.39,5.0,Medium Value
CUST0473,Priya Shah,user473@email.com,South,Kochi,2022-01-16,New,31,Female,54060.67,2.0,5406.07,321.0,Medium Value
CUST0474,Ritu Pandey,user474@email.com,Central,Raipur,2022-05-28,New,37,Female,62867.04,3.0,5715.19,75.0,Medium Value
CUST0475,Rohit Verma,user475@email.com,East,Kolkata,2023-02-24,Returning,39,Male,88564.48,5.0,5535.28,16.0,High Value
CUST0476,Rahul Mishra,user476@email.com,Central,Indore,2023-11-02,Returning,28,Male,118948.82,8.0,5406.76,27.0,High Value
CUST0477,Divya Chopra,user477@email.com,West,Ahmedabad,2022-06-08,New,44,Female,28614.38,2.0,3576.8,81.0,Low Value
CUST0478,Ananya Patel,user478@email.com,North,Ludhiana,2022-03-18,New,20,Male,84739.63,4.0,5649.31,113.0,High Value
CUST0479,Aryan Gupta,user479@email.com,Central,Raipur,2023-04-26,New,34,Male,29702.260000000002,4.0,3300.25,10.0,Low Value
CUST0480,Shreya Agarwal,user480@email.com,Central,Nagpur,2022-09-29,Returning,61,Other,50583.2,4.0,5058.32,94.0,Medium Value
CUST0481,Nisha Bose,user481@email.com,North,Ludhiana,2022-12-13,New,45,Male,16010.619999999999,2.0,8005.31,38.0,Low Value
CUST0482,Priya Gupta,user482@email.com,West,Pune,2023-10-01,New,46,Female,22563.21,1.0,11281.6,152.0,Low Value
CUST0483,Rahul Mehta,user483@email.com,South,Hyderabad,2023-12-11,Returning,38,Other,72982.29,3.0,8109.14,149.0,High Value
CUST0484,Vijay Shah,user484@email.com,Central,Raipur,2023-02-12,New,64,Male,105552.72,5.0,6597.04,90.0,High Value
CUST0485,Divya Mishra,user485@email.com,North,Ludhiana,2023-10-28,Returning,33,Male,20521.39,3.0,2931.63,250.0,Low Value
CUST0486,Manish Verma,user486@email.com,East,Kolkata,2022-03-24,New,54,Male,96175.01,6.0,5343.06,77.0,High Value
CUST0487,Ritu Gupta,user487@email.com,North,Ludhiana,2022-12-03,New,42,Male,20491.18,2.0,10245.59,39.0,Low Value
CUST0488,Nisha Bose,user488@email.com,East,Patna,2023-11-22,New,23,Male,34400.17,3.0,3127.29,101.0,Low Value
CUST0489,Divya Shah,user489@email.com,West,Surat,2023-07-01,Returning,36,Female,63808.67,6.0,5317.39,70.0,Medium Value
CUST0490,Anil Singh,user490@email.com,South,Chennai,2023-01-25,Returning,22,Male,8832.19,1.0,8832.19,171.0,Low Value
CUST0491,Manish Gupta,user491@email.com,North,Ludhiana,2022-11-21,Returning,20,Female,30056.97,2.0,4293.85,75.0,Low Value
CUST0492,Suresh Shah,user492@email.com,Central,Nagpur,2023-10-04,Returning,18,Other,78229.34,6.0,4889.33,3.0,High Value
CUST0493,Raj Rao,user493@email.com,West,Mumbai,2023-05-15,Returning,55,Female,29408.39,3.0,7352.1,77.0,Low Value
CUST0494,Deepak Nair,user494@email.com,North,Ludhiana,2023-07-09,New,32,Female,46316.92,4.0,5146.32,9.0,Medium Value
CUST0495,Pooja Kumar,user495@email.com,Central,Bhopal,2022-02-06,New,51,Male,27526.7,3.0,3058.52,36.0,Low Value
CUST0496,Aryan Patel,user496@email.com,North,Delhi,2023-09-25,Returning,52,Female,24284.36,3.0,4047.39,51.0,Low Value
CUST0497,Meera Chopra,user497@email.com,East,Guwahati,2022-03-12,New,42,Female,10777.4,1.0,2694.35,3.0,Low Value
CUST0498,Raj Malhotra,user498@email.com,North,Chandigarh,2022-08-29,New,41,Male,16518.43,1.0,4129.61,340.0,Low Value
CUST0499,Neha Nair,user499@email.com,North,Ludhiana,2023-10-09,New,29,Male,67916.26,3.0,9702.32,41.0,Medium Value
CUST0500,Vijay Nair,user500@email.com,North,Chandigarh,2023-12-02,New,35,Female,147743.64,8.0,5276.56,2.0,High Value
