order_id,customer_id,order_date,order_status,payment_method,shipping_region
ORD00001,CUST0072,2023-12-27,Completed,UPI,Central
ORD00002,CUST0129,2023-08-17,Completed,Credit Card,Central
ORD00003,CUST0364,2023-04-20,Completed,UPI,Central
ORD00004,CUST0261,2023-11-10,Completed,Credit Card,South
ORD00005,CUST0003,2023-05-27,Completed,Credit Card,East
ORD00006,CUST0449,2023-12-22,Pending,UPI,North
ORD00007,CUST0388,2023-09-09,Completed,Cash on Delivery,South
ORD00008,CUST0104,2023-04-13,Completed,Cash on Delivery,South
ORD00009,CUST0483,2023-03-04,Completed,UPI,South
ORD00010,CUST0224,2023-03-11,Completed,Cash on Delivery,West
ORD00011,CUST0320,2023-02-07,Cancelled,Cash on Delivery,East
ORD00012,CUST0362,2023-08-20,Completed,Net Banking,West
ORD00013,CUST0354,2023-03-30,Completed,Credit Card,West
ORD00014,CUST0491,2023-08-16,Completed,Net Banking,North
ORD00015,CUST0473,2023-02-14,Completed,Debit Card,South
ORD00016,CUST0010,2023-12-16,Pending,Net Banking,Central
ORD00017,CUST0405,2023-06-13,Completed,UPI,West
ORD00018,CUST0384,2023-12-08,Completed,UPI,West
ORD00019,CUST0302,2023-06-27,Completed,UPI,Central
ORD00020,CUST0231,2023-12-30,Completed,UPI,South
ORD00021,CUST0219,2023-02-03,Completed,Credit Card,North
ORD00022,CUST0411,2023-10-09,Completed,UPI,South
ORD00023,CUST0066,2023-10-05,Completed,Cash on Delivery,West
ORD00024,CUST0425,2023-05-29,Completed,Cash on Delivery,East
ORD00025,CUST0112,2023-06-03,Completed,Credit Card,East
ORD00026,CUST0013,2023-03-22,Cancelled,Debit Card,Central
ORD00027,CUST0393,2023-12-31,Returned,UPI,Central
ORD00028,CUST0500,2023-12-30,Completed,Net Banking,North
ORD00029,CUST0420,2023-12-25,Pending,Net Banking,West
ORD00030,CUST0086,2023-11-23,Completed,Cash on Delivery,North
ORD00031,CUST0234,2023-03-31,Completed,Debit Card,West
ORD00032,CUST0090,2023-07-05,Pending,UPI,East
ORD00033,CUST0314,2023-09-18,Cancelled,Cash on Delivery,North
ORD00034,CUST0054,2023-04-25,Returned,Credit Card,Central
ORD00035,CUST0012,2023-03-04,Completed,Net Banking,East
ORD00036,CUST0209,2023-04-13,Completed,Net Banking,West
ORD00037,CUST0462,2023-03-13,Pending,Net Banking,South
ORD00038,CUST0014,2023-05-02,Completed,Credit Card,South
ORD00039,CUST0121,2023-09-10,Completed,Cash on Delivery,South
ORD00040,CUST0418,2023-01-14,Completed,Credit Card,South
ORD00041,CUST0437,2023-07-04,Completed,Credit Card,South
ORD00042,CUST0377,2023-10-11,Completed,Net Banking,West
ORD00043,CUST0020,2023-10-21,Completed,UPI,West
ORD00044,CUST0075,2023-07-08,Cancelled,Cash on Delivery,Central
ORD00045,CUST0400,2023-08-28,Completed,UPI,South
ORD00046,CUST0243,2023-10-10,Completed,Credit Card,North
ORD00047,CUST0223,2023-03-08,Completed,Cash on Delivery,East
ORD00048,CUST0070,2023-11-10,Completed,UPI,West
ORD00049,CUST0312,2023-02-14,Completed,Credit Card,East
ORD00050,CUST0211,2023-02-03,Completed,Net Banking,East
ORD00051,CUST0101,2023-06-08,Cancelled,UPI,West
ORD00052,CUST0186,2023-07-23,Completed,UPI,West
ORD00053,CUST0132,2023-09-03,Returned,UPI,Central
ORD00054,CUST0111,2023-09-27,Completed,Cash on Delivery,North
ORD00055,CUST0381,2023-07-30,Completed,Cash on Delivery,South
ORD00056,CUST0132,2023-07-29,Completed,Net Banking,Central
ORD00057,CUST0020,2023-10-22,Completed,Credit Card,West
ORD00058,CUST0394,2023-02-07,Pending,Cash on Delivery,North
ORD00059,CUST0024,2023-03-06,Completed,Net Banking,North
ORD00060,CUST0227,2023-06-12,Completed,Net Banking,South
ORD00061,CUST0154,2023-11-25,Cancelled,UPI,North
ORD00062,CUST0293,2023-02-07,Returned,Cash on Delivery,North
ORD00063,CUST0230,2023-08-19,Cancelled,Net Banking,West
ORD00064,CUST0469,2023-08-27,Completed,Credit Card,North
ORD00065,CUST0310,2023-12-15,Pending,UPI,Central
ORD00066,CUST0488,2023-09-22,Completed,Cash on Delivery,East
ORD00067,CUST0359,2023-06-26,Completed,Credit Card,North
ORD00068,CUST0405,2023-03-07,Completed,Debit Card,West
ORD00069,CUST0202,2023-10-10,Completed,Net Banking,East
ORD00070,CUST0038,2023-11-24,Completed,UPI,Central
ORD00071,CUST0430,2023-10-28,Completed,Credit Card,West
ORD00072,CUST0260,2023-04-04,Cancelled,Credit Card,South
ORD00073,CUST0188,2023-03-08,Completed,Debit Card,North
ORD00074,CUST0057,2023-08-10,Completed,Credit Card,West
ORD00075,CUST0429,2023-09-15,Completed,Net Banking,Central
ORD00076,CUST0020,2023-01-29,Returned,UPI,West
ORD00077,CUST0273,2023-03-05,Completed,Credit Card,North
ORD00078,CUST0119,2023-09-23,Completed,Credit Card,North
ORD00079,CUST0071,2023-03-20,Pending,UPI,North
ORD00080,CUST0004,2023-06-05,Pending,Debit Card,Central
ORD00081,CUST0221,2023-03-26,Completed,UPI,South
ORD00082,CUST0014,2023-03-24,Completed,UPI,South
ORD00083,CUST0003,2023-06-15,Pending,UPI,East
ORD00084,CUST0216,2023-12-30,Completed,UPI,East
ORD00085,CUST0229,2023-04-26,Completed,UPI,East
ORD00086,CUST0336,2023-06-27,Cancelled,Cash on Delivery,South
ORD00087,CUST0186,2023-09-23,Completed,UPI,West
ORD00088,CUST0055,2023-05-26,Completed,UPI,East
ORD00089,CUST0500,2023-02-10,Completed,Credit Card,North
ORD00090,CUST0388,2023-05-09,Completed,Debit Card,South
ORD00091,CUST0376,2023-04-11,Completed,Credit Card,East
ORD00092,CUST0254,2023-11-22,Pending,Credit Card,East
ORD00093,CUST0024,2023-10-10,Completed,Net Banking,North
ORD00094,CUST0162,2023-05-21,Completed,UPI,North
ORD00095,CUST0158,2023-03-06,Completed,UPI,Central
ORD00096,CUST0082,2023-11-17,Completed,UPI,North
ORD00097,CUST0403,2023-06-05,Returned,Net Banking,North
ORD00098,CUST0159,2023-11-11,Completed,Credit Card,North
ORD00099,CUST0188,2023-10-01,Completed,Cash on Delivery,North
ORD00100,CUST0060,2023-02-17,Completed,UPI,South
ORD00101,CUST0403,2023-09-15,Completed,UPI,North
ORD00102,CUST0305,2023-11-25,Completed,UPI,East
ORD00103,CUST0319,2023-03-28,Completed,Credit Card,South
ORD00104,CUST0366,2023-10-31,Returned,Net Banking,Central
ORD00105,CUST0211,2023-10-25,Completed,UPI,East
ORD00106,CUST0406,2023-03-20,Completed,UPI,Central
ORD00107,CUST0152,2023-03-29,Completed,UPI,North
ORD00108,CUST0109,2023-12-04,Pending,Debit Card,East
ORD00109,CUST0076,2023-11-16,Completed,UPI,South
ORD00110,CUST0030,2023-11-06,Completed,Debit Card,West
ORD00111,CUST0314,2023-06-22,Completed,UPI,North
ORD00112,CUST0486,2023-10-16,Completed,Credit Card,East
ORD00113,CUST0117,2023-01-22,Pending,Credit Card,South
ORD00114,CUST0415,2023-01-15,Completed,UPI,North
ORD00115,CUST0356,2023-02-11,Completed,Credit Card,East
ORD00116,CUST0192,2023-01-24,Cancelled,Credit Card,Central
ORD00117,CUST0019,2023-11-25,Pending,Cash on Delivery,North
ORD00118,CUST0432,2023-10-23,Returned,Cash on Delivery,North
ORD00119,CUST0173,2023-05-16,Pending,Net Banking,South
ORD00120,CUST0228,2023-11-30,Completed,Credit Card,South
ORD00121,CUST0350,2023-04-18,Completed,Credit Card,Central
ORD00122,CUST0183,2023-10-20,Completed,Credit Card,North
ORD00123,CUST0113,2023-08-02,Completed,Net Banking,Central
ORD00124,CUST0183,2023-11-13,Completed,Debit Card,North
ORD00125,CUST0481,2023-11-24,Completed,UPI,North
ORD00126,CUST0146,2023-01-16,Completed,Credit Card,West
ORD00127,CUST0319,2023-09-12,Pending,UPI,South
ORD00128,CUST0116,2023-11-18,Completed,UPI,Central
ORD00129,CUST0113,2023-10-07,Returned,UPI,Central
ORD00130,CUST0251,2023-05-29,Completed,UPI,North
ORD00131,CUST0476,2023-11-25,Completed,Net Banking,Central
ORD00132,CUST0251,2023-06-04,Completed,Credit Card,North
ORD00133,CUST0303,2023-09-05,Completed,Credit Card,North
ORD00134,CUST0459,2023-05-06,Completed,Debit Card,South
ORD00135,CUST0313,2023-12-17,Pending,Credit Card,South
ORD00136,CUST0118,2023-07-27,Completed,Credit Card,East
ORD00137,CUST0301,2023-06-02,Completed,Credit Card,Central
ORD00138,CUST0161,2023-08-21,Completed,Credit Card,East
ORD00139,CUST0401,2023-02-07,Completed,UPI,East
ORD00140,CUST0198,2023-12-19,Returned,Cash on Delivery,North
ORD00141,CUST0260,2023-01-31,Pending,UPI,South
ORD00142,CUST0148,2023-03-22,Completed,UPI,East
ORD00143,CUST0240,2023-08-14,Completed,Net Banking,Central
ORD00144,CUST0047,2023-08-01,Completed,UPI,South
ORD00145,CUST0475,2023-09-05,Cancelled,Cash on Delivery,East
ORD00146,CUST0399,2023-08-26,Completed,Cash on Delivery,West
ORD00147,CUST0198,2023-04-15,Completed,Credit Card,North
ORD00148,CUST0047,2023-06-24,Cancelled,Net Banking,South
ORD00149,CUST0078,2023-11-07,Completed,UPI,West
ORD00150,CUST0124,2023-03-15,Pending,Debit Card,East
ORD00151,CUST0075,2023-06-10,Completed,UPI,Central
ORD00152,CUST0359,2023-06-13,Completed,Debit Card,North
ORD00153,CUST0137,2023-06-26,Completed,Net Banking,West
ORD00154,CUST0090,2023-07-24,Returned,Credit Card,East
ORD00155,CUST0400,2023-03-08,Cancelled,UPI,South
ORD00156,CUST0325,2023-07-09,Completed,Debit Card,North
ORD00157,CUST0500,2023-09-21,Completed,Cash on Delivery,North
ORD00158,CUST0061,2023-10-15,Completed,Credit Card,South
ORD00159,CUST0138,2023-02-24,Returned,Net Banking,South
ORD00160,CUST0050,2023-06-13,Completed,UPI,West
ORD00161,CUST0259,2023-05-04,Completed,Credit Card,South
ORD00162,CUST0461,2023-08-27,Completed,UPI,North
ORD00163,CUST0107,2023-03-04,Pending,Credit Card,East
ORD00164,CUST0113,2023-05-17,Completed,Cash on Delivery,Central
ORD00165,CUST0350,2023-08-19,Completed,UPI,Central
ORD00166,CUST0254,2023-05-07,Completed,Cash on Delivery,East
ORD00167,CUST0118,2023-03-14,Pending,Credit Card,East
ORD00168,CUST0493,2023-02-19,Completed,UPI,West
ORD00169,CUST0198,2023-01-26,Completed,Credit Card,North
ORD00170,CUST0337,2023-05-29,Returned,Credit Card,North
ORD00171,CUST0365,2023-07-16,Completed,Credit Card,West
ORD00172,CUST0051,2023-11-12,Completed,Credit Card,West
ORD00173,CUST0245,2023-08-03,Completed,UPI,East
ORD00174,CUST0403,2023-05-08,Pending,Credit Card,North
ORD00175,CUST0426,2023-03-23,Completed,UPI,South
ORD00176,CUST0035,2023-06-17,Returned,UPI,East
ORD00177,CUST0302,2023-10-23,Completed,Cash on Delivery,Central
ORD00178,CUST0410,2023-06-10,Completed,Cash on Delivery,West
ORD00179,CUST0499,2023-04-08,Completed,UPI,North
ORD00180,CUST0069,2023-03-23,Cancelled,UPI,West
ORD00181,CUST0349,2023-09-13,Completed,Credit Card,South
ORD00182,CUST0320,2023-09-21,Pending,Debit Card,East
ORD00183,CUST0421,2023-08-28,Completed,Credit Card,South
ORD00184,CUST0468,2023-09-13,Completed,Credit Card,East
ORD00185,CUST0049,2023-06-07,Completed,Credit Card,South
ORD00186,CUST0405,2023-09-12,Cancelled,UPI,West
ORD00187,CUST0074,2023-01-12,Completed,Credit Card,South
ORD00188,CUST0192,2023-02-16,Completed,Net Banking,Central
ORD00189,CUST0261,2023-07-21,Completed,Credit Card,South
ORD00190,CUST0356,2023-09-16,Cancelled,UPI,East
ORD00191,CUST0070,2023-08-23,Completed,Credit Card,West
ORD00192,CUST0090,2023-05-04,Pending,Credit Card,East
ORD00193,CUST0260,2023-04-21,Completed,Cash on Delivery,South
ORD00194,CUST0126,2023-10-26,Completed,Credit Card,West
ORD00195,CUST0231,2023-06-30,Completed,Cash on Delivery,South
ORD00196,CUST0295,2023-01-25,Pending,UPI,West
ORD00197,CUST0498,2023-01-26,Cancelled,Credit Card,North
ORD00198,CUST0419,2023-05-25,Completed,Debit Card,Central
ORD00199,CUST0129,2023-09-11,Completed,Credit Card,Central
ORD00200,CUST0280,2023-11-02,Completed,Cash on Delivery,East
ORD00201,CUST0313,2023-12-01,Completed,Credit Card,South
ORD00202,CUST0100,2023-12-11,Completed,Cash on Delivery,North
ORD00203,CUST0326,2023-08-29,Completed,Credit Card,North
ORD00204,CUST0297,2023-05-27,Completed,UPI,Central
ORD00205,CUST0182,2023-10-02,Completed,Net Banking,East
ORD00206,CUST0174,2023-01-05,Completed,Debit Card,West
ORD00207,CUST0316,2023-02-25,Completed,Cash on Delivery,South
ORD00208,CUST0364,2023-08-09,Completed,Cash on Delivery,Central
ORD00209,CUST0188,2023-03-10,Completed,Cash on Delivery,North
ORD00210,CUST0057,2023-05-16,Pending,Credit Card,West
ORD00211,CUST0031,2023-07-07,Completed,Credit Card,East
ORD00212,CUST0084,2023-07-26,Completed,Credit Card,Central
ORD00213,CUST0152,2023-07-07,Completed,UPI,North
ORD00214,CUST0473,2023-01-24,Completed,UPI,South
ORD00215,CUST0036,2023-07-25,Completed,UPI,Central
ORD00216,CUST0213,2023-01-27,Completed,Credit Card,East
ORD00217,CUST0414,2023-10-19,Returned,Net Banking,West
ORD00218,CUST0408,2023-10-15,Completed,Credit Card,West
ORD00219,CUST0364,2023-04-10,Completed,UPI,Central
ORD00220,CUST0106,2023-07-05,Completed,UPI,Central
ORD00221,CUST0414,2023-10-11,Completed,Net Banking,West
ORD00222,CUST0342,2023-05-28,Completed,Net Banking,West
ORD00223,CUST0220,2023-02-07,Pending,UPI,North
ORD00224,CUST0391,2023-07-17,Completed,Credit Card,North
ORD00225,CUST0163,2023-09-16,Completed,UPI,Central
ORD00226,CUST0439,2023-08-19,Completed,Credit Card,West
ORD00227,CUST0220,2023-10-09,Completed,UPI,North
ORD00228,CUST0270,2023-05-24,Returned,UPI,West
ORD00229,CUST0120,2023-11-16,Completed,Credit Card,South
ORD00230,CUST0394,2023-12-15,Completed,Credit Card,North
ORD00231,CUST0336,2023-11-09,Completed,Debit Card,South
ORD00232,CUST0400,2023-03-02,Returned,Debit Card,South
ORD00233,CUST0182,2023-03-07,Completed,UPI,East
ORD00234,CUST0479,2023-02-19,Completed,Credit Card,Central
ORD00235,CUST0106,2023-07-21,Completed,Credit Card,Central
ORD00236,CUST0217,2023-07-11,Completed,UPI,West
ORD00237,CUST0205,2023-06-23,Completed,Debit Card,West
ORD00238,CUST0070,2023-10-13,Completed,Credit Card,West
ORD00239,CUST0044,2023-07-07,Completed,Net Banking,South
ORD00240,CUST0329,2023-03-15,Completed,Credit Card,South
ORD00241,CUST0301,2023-04-12,Completed,Debit Card,Central
ORD00242,CUST0228,2023-11-05,Completed,UPI,South
ORD00243,CUST0184,2023-09-18,Completed,Net Banking,South
ORD00244,CUST0107,2023-07-25,Completed,UPI,East
ORD00245,CUST0084,2023-09-14,Completed,UPI,Central
ORD00246,CUST0338,2023-01-21,Returned,Credit Card,West
ORD00247,CUST0250,2023-01-24,Completed,Credit Card,East
ORD00248,CUST0363,2023-01-20,Completed,Debit Card,West
ORD00249,CUST0441,2023-03-12,Completed,Cash on Delivery,North
ORD00250,CUST0021,2023-06-20,Returned,Cash on Delivery,South
ORD00251,CUST0196,2023-08-31,Completed,UPI,East
ORD00252,CUST0178,2023-09-23,Completed,Cash on Delivery,North
ORD00253,CUST0417,2023-08-22,Completed,Credit Card,South
ORD00254,CUST0475,2023-03-18,Completed,UPI,East
ORD00255,CUST0007,2023-11-07,Completed,UPI,East
ORD00256,CUST0070,2023-09-21,Completed,UPI,West
ORD00257,CUST0127,2023-03-13,Completed,UPI,Central
ORD00258,CUST0399,2023-06-17,Returned,Credit Card,West
ORD00259,CUST0466,2023-11-10,Completed,UPI,South
ORD00260,CUST0160,2023-06-13,Completed,Cash on Delivery,East
ORD00261,CUST0248,2023-03-25,Completed,UPI,North
ORD00262,CUST0203,2023-07-21,Completed,Credit Card,North
ORD00263,CUST0148,2023-11-12,Completed,Credit Card,East
ORD00264,CUST0472,2023-06-03,Completed,Credit Card,Central
ORD00265,CUST0143,2023-10-31,Completed,Credit Card,West
ORD00266,CUST0432,2023-06-22,Cancelled,UPI,North
ORD00267,CUST0199,2023-09-17,Returned,UPI,Central
ORD00268,CUST0405,2023-09-18,Completed,Net Banking,West
ORD00269,CUST0426,2023-09-30,Completed,UPI,South
ORD00270,CUST0154,2023-09-08,Returned,Cash on Delivery,North
ORD00271,CUST0492,2023-12-29,Completed,Credit Card,Central
ORD00272,CUST0376,2023-10-16,Cancelled,UPI,East
ORD00273,CUST0384,2023-06-03,Completed,Cash on Delivery,West
ORD00274,CUST0142,2023-09-01,Completed,Credit Card,Central
ORD00275,CUST0313,2023-01-09,Completed,Credit Card,South
ORD00276,CUST0165,2023-07-08,Completed,Cash on Delivery,East
ORD00277,CUST0314,2023-06-19,Completed,UPI,North
ORD00278,CUST0021,2023-12-11,Completed,Net Banking,South
ORD00279,CUST0082,2023-02-26,Completed,Credit Card,North
ORD00280,CUST0069,2023-08-02,Completed,Net Banking,West
ORD00281,CUST0131,2023-10-26,Completed,UPI,East
ORD00282,CUST0087,2023-06-07,Returned,Credit Card,North
ORD00283,CUST0218,2023-12-19,Completed,UPI,West
ORD00284,CUST0421,2023-11-19,Pending,Credit Card,South
ORD00285,CUST0472,2023-01-14,Completed,UPI,Central
ORD00286,CUST0305,2023-11-02,Completed,Credit Card,East
ORD00287,CUST0403,2023-08-31,Returned,Credit Card,North
ORD00288,CUST0371,2023-05-16,Completed,Credit Card,South
ORD00289,CUST0345,2023-12-02,Completed,Credit Card,South
ORD00290,CUST0341,2023-10-24,Completed,Cash on Delivery,North
ORD00291,CUST0384,2023-10-23,Completed,Credit Card,West
ORD00292,CUST0396,2023-04-27,Completed,UPI,Central
ORD00293,CUST0445,2023-01-27,Cancelled,Credit Card,Central
ORD00294,CUST0425,2023-10-26,Completed,UPI,East
ORD00295,CUST0161,2023-09-03,Completed,Debit Card,East
ORD00296,CUST0178,2023-03-29,Completed,Credit Card,North
ORD00297,CUST0117,2023-09-26,Completed,Debit Card,South
ORD00298,CUST0196,2023-11-19,Completed,Credit Card,East
ORD00299,CUST0383,2023-11-14,Completed,Net Banking,North
ORD00300,CUST0490,2023-07-14,Completed,UPI,South
ORD00301,CUST0327,2023-03-17,Completed,Cash on Delivery,East
ORD00302,CUST0086,2023-12-15,Completed,UPI,North
ORD00303,CUST0289,2023-05-05,Completed,UPI,East
ORD00304,CUST0081,2023-01-17,Completed,Credit Card,Central
ORD00305,CUST0152,2023-10-21,Completed,Credit Card,North
ORD00306,CUST0061,2023-12-25,Cancelled,Cash on Delivery,South
ORD00307,CUST0061,2023-02-26,Completed,UPI,South
ORD00308,CUST0354,2023-04-08,Completed,UPI,West
ORD00309,CUST0028,2023-01-10,Completed,Net Banking,South
ORD00310,CUST0442,2023-08-14,Completed,UPI,Central
ORD00311,CUST0043,2023-06-10,Completed,Debit Card,West
ORD00312,CUST0169,2023-08-03,Completed,Net Banking,North
ORD00313,CUST0423,2023-03-19,Completed,UPI,South
ORD00314,CUST0086,2023-07-31,Completed,Cash on Delivery,North
ORD00315,CUST0177,2023-12-20,Completed,Credit Card,East
ORD00316,CUST0017,2023-04-15,Completed,Credit Card,West
ORD00317,CUST0098,2023-07-30,Completed,UPI,South
ORD00318,CUST0454,2023-09-14,Completed,Credit Card,Central
ORD00319,CUST0494,2023-11-10,Returned,Net Banking,North
ORD00320,CUST0198,2023-08-30,Pending,Cash on Delivery,North
ORD00321,CUST0098,2023-02-01,Pending,UPI,South
ORD00322,CUST0065,2023-12-28,Pending,UPI,South
ORD00323,CUST0330,2023-03-12,Returned,Debit Card,South
ORD00324,CUST0341,2023-09-23,Completed,UPI,North
ORD00325,CUST0005,2023-04-17,Completed,UPI,Central
ORD00326,CUST0002,2023-10-15,Completed,UPI,Central
ORD00327,CUST0022,2023-06-16,Completed,Cash on Delivery,Central
ORD00328,CUST0112,2023-12-06,Completed,UPI,East
ORD00329,CUST0057,2023-09-02,Completed,Net Banking,West
ORD00330,CUST0066,2023-09-27,Completed,Cash on Delivery,West
ORD00331,CUST0330,2023-07-12,Completed,UPI,South
ORD00332,CUST0098,2023-06-10,Cancelled,UPI,South
ORD00333,CUST0144,2023-03-30,Completed,Cash on Delivery,West
ORD00334,CUST0368,2023-08-24,Completed,UPI,East
ORD00335,CUST0435,2023-09-30,Completed,Net Banking,West
ORD00336,CUST0125,2023-06-25,Completed,Debit Card,North
ORD00337,CUST0167,2023-10-07,Cancelled,UPI,West
ORD00338,CUST0086,2023-07-01,Completed,Net Banking,North
ORD00339,CUST0076,2023-12-13,Pending,Cash on Delivery,South
ORD00340,CUST0344,2023-12-15,Completed,Cash on Delivery,West
ORD00341,CUST0495,2023-11-26,Completed,UPI,Central
ORD00342,CUST0424,2023-12-21,Completed,Credit Card,South
ORD00343,CUST0294,2023-05-16,Completed,UPI,West
ORD00344,CUST0444,2023-11-09,Completed,Net Banking,East
ORD00345,CUST0059,2023-09-05,Completed,UPI,West
ORD00346,CUST0138,2023-04-09,Completed,Net Banking,South
ORD00347,CUST0099,2023-05-07,Returned,UPI,South
ORD00348,CUST0192,2023-05-23,Completed,UPI,Central
ORD00349,CUST0243,2023-10-13,Pending,Credit Card,North
ORD00350,CUST0319,2023-06-02,Completed,Net Banking,South
ORD00351,CUST0049,2023-04-26,Completed,UPI,South
ORD00352,CUST0448,2023-06-02,Completed,Credit Card,North
ORD00353,CUST0032,2023-05-28,Completed,Credit Card,West
ORD00354,CUST0391,2023-12-27,Completed,Net Banking,North
ORD00355,CUST0277,2023-04-17,Completed,UPI,Central
ORD00356,CUST0020,2023-12-20,Completed,Credit Card,West
ORD00357,CUST0154,2023-12-27,Cancelled,Debit Card,North
ORD00358,CUST0383,2023-09-08,Completed,Net Banking,North
ORD00359,CUST0068,2023-06-12,Pending,Debit Card,South
ORD00360,CUST0366,2023-09-03,Completed,UPI,Central
ORD00361,CUST0372,2023-06-28,Completed,UPI,West
ORD00362,CUST0214,2023-10-14,Completed,Cash on Delivery,South
ORD00363,CUST0143,2023-05-21,Completed,UPI,West
ORD00364,CUST0376,2023-05-28,Completed,Net Banking,East
ORD00365,CUST0232,2023-03-04,Completed,Credit Card,North
ORD00366,CUST0213,2023-10-21,Completed,UPI,East
ORD00367,CUST0079,2023-12-13,Completed,Credit Card,West
ORD00368,CUST0214,2023-10-06,Cancelled,Credit Card,South
ORD00369,CUST0116,2023-07-14,Pending,Credit Card,Central
ORD00370,CUST0092,2023-07-22,Completed,Credit Card,North
ORD00371,CUST0270,2023-06-26,Completed,Debit Card,West
ORD00372,CUST0411,2023-03-16,Completed,Credit Card,South
ORD00373,CUST0381,2023-05-29,Completed,Net Banking,South
ORD00374,CUST0489,2023-01-22,Completed,Cash on Delivery,West
ORD00375,CUST0168,2023-05-28,Completed,UPI,East
ORD00376,CUST0058,2023-02-10,Completed,Credit Card,South
ORD00377,CUST0284,2023-06-27,Completed,Net Banking,West
ORD00378,CUST0026,2023-08-15,Completed,UPI,East
ORD00379,CUST0369,2023-12-02,Pending,Net Banking,West
ORD00380,CUST0447,2023-05-12,Pending,Net Banking,East
ORD00381,CUST0066,2023-09-03,Completed,Debit Card,West
ORD00382,CUST0409,2023-04-20,Cancelled,UPI,Central
ORD00383,CUST0248,2023-04-14,Returned,UPI,North
ORD00384,CUST0254,2023-10-03,Completed,UPI,East
ORD00385,CUST0387,2023-05-19,Completed,Credit Card,South
ORD00386,CUST0456,2023-10-15,Completed,Cash on Delivery,South
ORD00387,CUST0044,2023-12-23,Returned,Credit Card,South
ORD00388,CUST0097,2023-05-20,Cancelled,UPI,Central
ORD00389,CUST0042,2023-03-12,Completed,Cash on Delivery,North
ORD00390,CUST0500,2023-02-25,Completed,UPI,North
ORD00391,CUST0227,2023-11-12,Completed,UPI,South
ORD00392,CUST0262,2023-10-28,Completed,UPI,East
ORD00393,CUST0167,2023-05-03,Completed,Cash on Delivery,West
ORD00394,CUST0436,2023-05-05,Cancelled,UPI,West
ORD00395,CUST0279,2023-01-26,Completed,Cash on Delivery,East
ORD00396,CUST0089,2023-12-09,Pending,Credit Card,West
ORD00397,CUST0379,2023-09-29,Cancelled,Net Banking,South
ORD00398,CUST0178,2023-04-26,Completed,Cash on Delivery,North
ORD00399,CUST0427,2023-11-23,Completed,Credit Card,North
ORD00400,CUST0403,2023-04-30,Completed,UPI,North
ORD00401,CUST0197,2023-01-27,Completed,Credit Card,East
ORD00402,CUST0307,2023-02-21,Completed,Net Banking,North
ORD00403,CUST0267,2023-07-31,Completed,UPI,West
ORD00404,CUST0268,2023-06-19,Completed,UPI,North
ORD00405,CUST0074,2023-08-30,Completed,Credit Card,South
ORD00406,CUST0008,2023-02-21,Completed,Credit Card,East
ORD00407,CUST0408,2023-12-15,Completed,Credit Card,West
ORD00408,CUST0476,2023-03-12,Completed,UPI,Central
ORD00409,CUST0297,2023-01-03,Completed,UPI,Central
ORD00410,CUST0164,2023-10-09,Completed,Cash on Delivery,North
ORD00411,CUST0485,2023-03-22,Completed,Net Banking,North
ORD00412,CUST0085,2023-07-28,Completed,UPI,North
ORD00413,CUST0072,2023-12-01,Completed,Debit Card,Central
ORD00414,CUST0055,2023-09-01,Completed,Net Banking,East
ORD00415,CUST0393,2023-09-02,Completed,Debit Card,Central
ORD00416,CUST0047,2023-11-30,Cancelled,UPI,South
ORD00417,CUST0399,2023-04-13,Completed,Credit Card,West
ORD00418,CUST0432,2023-05-28,Completed,Credit Card,North
ORD00419,CUST0238,2023-06-14,Completed,Net Banking,West
ORD00420,CUST0104,2023-05-27,Completed,Credit Card,South
ORD00421,CUST0210,2023-11-27,Completed,UPI,West
ORD00422,CUST0042,2023-01-31,Completed,UPI,North
ORD00423,CUST0316,2023-02-15,Completed,UPI,South
ORD00424,CUST0468,2023-11-30,Completed,UPI,East
ORD00425,CUST0454,2023-10-21,Completed,Credit Card,Central
ORD00426,CUST0268,2023-04-29,Completed,UPI,North
ORD00427,CUST0386,2023-10-01,Completed,UPI,North
ORD00428,CUST0263,2023-01-20,Returned,Debit Card,Central
ORD00429,CUST0336,2023-03-31,Completed,Net Banking,South
ORD00430,CUST0387,2023-08-02,Completed,Debit Card,South
ORD00431,CUST0365,2023-04-01,Completed,Net Banking,West
ORD00432,CUST0259,2023-01-19,Completed,UPI,South
ORD00433,CUST0283,2023-07-23,Completed,Credit Card,North
ORD00434,CUST0114,2023-09-11,Completed,Net Banking,East
ORD00435,CUST0363,2023-04-06,Completed,UPI,West
ORD00436,CUST0040,2023-05-29,Completed,UPI,South
ORD00437,CUST0486,2023-01-20,Completed,UPI,East
ORD00438,CUST0417,2023-01-05,Completed,UPI,South
ORD00439,CUST0220,2023-06-02,Cancelled,UPI,North
ORD00440,CUST0129,2023-10-18,Completed,UPI,Central
ORD00441,CUST0008,2023-11-05,Completed,Credit Card,East
ORD00442,CUST0101,2023-02-24,Completed,Cash on Delivery,West
ORD00443,CUST0416,2023-06-21,Completed,Credit Card,Central
ORD00444,CUST0380,2023-05-26,Completed,Credit Card,Central
ORD00445,CUST0176,2023-08-21,Completed,UPI,South
ORD00446,CUST0107,2023-11-25,Completed,Net Banking,East
ORD00447,CUST0101,2023-10-06,Completed,UPI,West
ORD00448,CUST0260,2023-09-26,Completed,Credit Card,South
ORD00449,CUST0478,2023-09-10,Completed,UPI,North
ORD00450,CUST0454,2023-03-10,Cancelled,UPI,Central
ORD00451,CUST0366,2023-09-16,Completed,Debit Card,Central
ORD00452,CUST0246,2023-08-28,Completed,Debit Card,East
ORD00453,CUST0275,2023-05-20,Completed,UPI,East
ORD00454,CUST0032,2023-04-09,Completed,UPI,West
ORD00455,CUST0137,2023-02-27,Pending,Net Banking,West
ORD00456,CUST0012,2023-06-19,Completed,Credit Card,East
ORD00457,CUST0395,2023-03-25,Completed,UPI,Central
ORD00458,CUST0302,2023-08-23,Completed,UPI,Central
ORD00459,CUST0375,2023-11-28,Completed,Debit Card,North
ORD00460,CUST0016,2023-05-12,Completed,Credit Card,South
ORD00461,CUST0129,2023-04-06,Completed,UPI,Central
ORD00462,CUST0063,2023-01-08,Completed,Net Banking,Central
ORD00463,CUST0109,2023-06-22,Completed,UPI,East
ORD00464,CUST0375,2023-06-01,Completed,Credit Card,North
ORD00465,CUST0021,2023-10-18,Pending,Debit Card,South
ORD00466,CUST0158,2023-12-12,Pending,UPI,Central
ORD00467,CUST0269,2023-04-09,Pending,UPI,Central
ORD00468,CUST0162,2023-03-31,Completed,Credit Card,North
ORD00469,CUST0260,2023-11-09,Completed,UPI,South
ORD00470,CUST0412,2023-11-24,Pending,UPI,South
ORD00471,CUST0102,2023-07-27,Completed,Credit Card,North
ORD00472,CUST0223,2023-08-07,Completed,Credit Card,East
ORD00473,CUST0059,2023-09-21,Cancelled,Cash on Delivery,West
ORD00474,CUST0247,2023-06-17,Cancelled,Credit Card,West
ORD00475,CUST0128,2023-02-14,Completed,Credit Card,West
ORD00476,CUST0283,2023-07-25,Completed,UPI,North
ORD00477,CUST0325,2023-12-09,Completed,Net Banking,North
ORD00478,CUST0025,2023-02-18,Pending,Credit Card,North
ORD00479,CUST0131,2023-04-05,Cancelled,UPI,East
ORD00480,CUST0353,2023-03-13,Completed,Credit Card,North
ORD00481,CUST0196,2023-09-02,Completed,Credit Card,East
ORD00482,CUST0281,2023-06-15,Cancelled,Credit Card,South
ORD00483,CUST0404,2023-05-08,Completed,Cash on Delivery,Central
ORD00484,CUST0418,2023-01-04,Completed,Credit Card,South
ORD00485,CUST0154,2023-05-14,Returned,Credit Card,North
ORD00486,CUST0382,2023-07-16,Completed,UPI,Central
ORD00487,CUST0133,2023-05-01,Completed,Cash on Delivery,West
ORD00488,CUST0227,2023-08-17,Completed,Credit Card,South
ORD00489,CUST0189,2023-05-17,Completed,UPI,North
ORD00490,CUST0476,2023-06-18,Pending,Credit Card,Central
ORD00491,CUST0477,2023-06-04,Completed,UPI,West
ORD00492,CUST0265,2023-10-26,Returned,UPI,West
ORD00493,CUST0372,2023-10-21,Completed,UPI,West
ORD00494,CUST0486,2023-01-06,Completed,UPI,East
ORD00495,CUST0434,2023-05-14,Completed,UPI,East
ORD00496,CUST0134,2023-12-01,Completed,Credit Card,Central
ORD00497,CUST0211,2023-07-04,Completed,UPI,East
ORD00498,CUST0060,2023-12-21,Completed,Credit Card,South
ORD00499,CUST0428,2023-05-01,Completed,Net Banking,Central
ORD00500,CUST0377,2023-02-01,Completed,Debit Card,West
ORD00501,CUST0395,2023-12-08,Completed,Debit Card,Central
ORD00502,CUST0450,2023-03-02,Completed,Cash on Delivery,South
ORD00503,CUST0431,2023-08-27,Completed,UPI,South
ORD00504,CUST0364,2023-06-07,Completed,Net Banking,Central
ORD00505,CUST0364,2023-03-23,Completed,Credit Card,Central
ORD00506,CUST0457,2023-07-27,Completed,UPI,Central
ORD00507,CUST0213,2023-12-18,Completed,UPI,East
ORD00508,CUST0216,2023-09-15,Completed,UPI,East
ORD00509,CUST0226,2023-12-27,Pending,Net Banking,North
ORD00510,CUST0470,2023-06-09,Pending,Credit Card,West
ORD00511,CUST0131,2023-12-20,Completed,UPI,East
ORD00512,CUST0076,2023-03-02,Completed,Debit Card,South
ORD00513,CUST0476,2023-11-24,Pending,Credit Card,Central
ORD00514,CUST0286,2023-06-01,Completed,UPI,Central
ORD00515,CUST0474,2023-07-08,Pending,Cash on Delivery,Central
ORD00516,CUST0496,2023-11-11,Pending,UPI,North
ORD00517,CUST0277,2023-04-24,Pending,UPI,Central
ORD00518,CUST0156,2023-04-23,Completed,Credit Card,North
ORD00519,CUST0248,2023-03-10,Completed,UPI,North
ORD00520,CUST0218,2023-09-02,Completed,Cash on Delivery,West
ORD00521,CUST0190,2023-03-20,Completed,UPI,East
ORD00522,CUST0417,2023-08-21,Completed,UPI,South
ORD00523,CUST0469,2023-11-07,Completed,Credit Card,North
ORD00524,CUST0163,2023-07-11,Completed,Credit Card,Central
ORD00525,CUST0180,2023-08-01,Cancelled,Debit Card,North
ORD00526,CUST0034,2023-12-26,Completed,UPI,North
ORD00527,CUST0041,2023-10-09,Cancelled,UPI,West
ORD00528,CUST0307,2023-08-30,Pending,Credit Card,North
ORD00529,CUST0431,2023-10-03,Completed,Net Banking,South
ORD00530,CUST0338,2023-12-07,Completed,Debit Card,West
ORD00531,CUST0314,2023-04-22,Cancelled,UPI,North
ORD00532,CUST0075,2023-05-07,Completed,Credit Card,Central
ORD00533,CUST0441,2023-12-15,Completed,UPI,North
ORD00534,CUST0279,2023-11-02,Completed,Net Banking,East
ORD00535,CUST0176,2023-02-11,Completed,UPI,South
ORD00536,CUST0384,2023-09-27,Completed,Cash on Delivery,West
ORD00537,CUST0150,2023-08-17,Completed,UPI,West
ORD00538,CUST0273,2023-09-28,Completed,Cash on Delivery,North
ORD00539,CUST0325,2023-12-27,Completed,UPI,North
ORD00540,CUST0108,2023-07-05,Completed,Credit Card,West
ORD00541,CUST0139,2023-02-09,Completed,UPI,South
ORD00542,CUST0350,2023-10-16,Completed,Credit Card,Central
ORD00543,CUST0271,2023-02-27,Cancelled,Cash on Delivery,East
ORD00544,CUST0347,2023-02-01,Completed,Net Banking,East
ORD00545,CUST0419,2023-10-08,Completed,Net Banking,Central
ORD00546,CUST0289,2023-09-16,Completed,UPI,East
ORD00547,CUST0212,2023-04-14,Completed,Credit Card,West
ORD00548,CUST0381,2023-10-21,Completed,Net Banking,South
ORD00549,CUST0272,2023-10-02,Pending,UPI,North
ORD00550,CUST0418,2023-03-18,Completed,Credit Card,South
ORD00551,CUST0066,2023-03-26,Pending,UPI,West
ORD00552,CUST0483,2023-06-17,Completed,Credit Card,South
ORD00553,CUST0424,2023-09-24,Completed,UPI,South
ORD00554,CUST0248,2023-08-15,Completed,UPI,North
ORD00555,CUST0156,2023-03-01,Returned,Credit Card,North
ORD00556,CUST0047,2023-12-15,Completed,Debit Card,South
ORD00557,CUST0423,2023-04-16,Completed,Credit Card,South
ORD00558,CUST0454,2023-10-26,Completed,Credit Card,Central
ORD00559,CUST0201,2023-09-08,Completed,Credit Card,South
ORD00560,CUST0148,2023-02-16,Completed,Net Banking,East
ORD00561,CUST0124,2023-09-19,Completed,UPI,East
ORD00562,CUST0001,2023-08-17,Completed,UPI,West
ORD00563,CUST0456,2023-01-29,Completed,Credit Card,South
ORD00564,CUST0247,2023-08-21,Completed,Credit Card,West
ORD00565,CUST0343,2023-03-09,Pending,UPI,East
ORD00566,CUST0128,2023-09-20,Pending,Cash on Delivery,West
ORD00567,CUST0191,2023-08-01,Pending,Cash on Delivery,South
ORD00568,CUST0067,2023-08-22,Completed,Credit Card,South
ORD00569,CUST0004,2023-10-16,Completed,UPI,Central
ORD00570,CUST0442,2023-01-30,Completed,Cash on Delivery,Central
ORD00571,CUST0409,2023-10-14,Completed,UPI,Central
ORD00572,CUST0303,2023-08-25,Completed,Cash on Delivery,North
ORD00573,CUST0294,2023-12-11,Completed,Credit Card,West
ORD00574,CUST0143,2023-06-07,Completed,Debit Card,West
ORD00575,CUST0191,2023-01-12,Completed,Net Banking,South
ORD00576,CUST0021,2023-07-22,Cancelled,Debit Card,South
ORD00577,CUST0227,2023-05-11,Completed,Net Banking,South
ORD00578,CUST0313,2023-01-02,Completed,UPI,South
ORD00579,CUST0117,2023-04-22,Completed,Debit Card,South
ORD00580,CUST0437,2023-10-24,Completed,Credit Card,South
ORD00581,CUST0302,2023-02-07,Completed,UPI,Central
ORD00582,CUST0500,2023-01-24,Cancelled,Net Banking,North
ORD00583,CUST0142,2023-08-05,Cancelled,Net Banking,Central
ORD00584,CUST0484,2023-06-26,Completed,Debit Card,Central
ORD00585,CUST0460,2023-12-25,Cancelled,Credit Card,East
ORD00586,CUST0401,2023-02-02,Returned,Net Banking,East
ORD00587,CUST0039,2023-10-05,Pending,Net Banking,North
ORD00588,CUST0393,2023-01-31,Pending,Credit Card,Central
ORD00589,CUST0355,2023-02-05,Completed,UPI,South
ORD00590,CUST0252,2023-08-30,Completed,Credit Card,West
ORD00591,CUST0333,2023-01-17,Completed,UPI,North
ORD00592,CUST0207,2023-05-27,Completed,Debit Card,Central
ORD00593,CUST0210,2023-07-29,Returned,UPI,West
ORD00594,CUST0115,2023-04-03,Completed,Net Banking,North
ORD00595,CUST0225,2023-03-11,Completed,Debit Card,North
ORD00596,CUST0134,2023-11-25,Pending,UPI,Central
ORD00597,CUST0251,2023-11-27,Cancelled,Cash on Delivery,North
ORD00598,CUST0219,2023-08-04,Returned,UPI,North
ORD00599,CUST0407,2023-07-11,Completed,Cash on Delivery,North
ORD00600,CUST0443,2023-07-15,Completed,Credit Card,East
ORD00601,CUST0091,2023-08-18,Completed,Debit Card,East
ORD00602,CUST0354,2023-07-13,Completed,Credit Card,West
ORD00603,CUST0376,2023-07-12,Completed,UPI,East
ORD00604,CUST0046,2023-02-11,Completed,Net Banking,North
ORD00605,CUST0038,2023-12-16,Pending,UPI,Central
ORD00606,CUST0142,2023-12-05,Completed,UPI,Central
ORD00607,CUST0100,2023-10-04,Completed,UPI,North
ORD00608,CUST0328,2023-03-10,Completed,Net Banking,Central
ORD00609,CUST0190,2023-12-01,Completed,Credit Card,East
ORD00610,CUST0035,2023-06-28,Completed,Credit Card,East
ORD00611,CUST0147,2023-03-02,Pending,Credit Card,West
ORD00612,CUST0030,2023-04-02,Completed,UPI,West
ORD00613,CUST0334,2023-10-03,Pending,Credit Card,Central
ORD00614,CUST0084,2023-07-21,Completed,UPI,Central
ORD00615,CUST0369,2023-09-28,Pending,UPI,West
ORD00616,CUST0281,2023-03-07,Completed,Credit Card,South
ORD00617,CUST0424,2023-04-25,Completed,UPI,South
ORD00618,CUST0344,2023-01-02,Completed,Cash on Delivery,West
ORD00619,CUST0270,2023-01-12,Cancelled,Credit Card,West
ORD00620,CUST0154,2023-06-02,Completed,UPI,North
ORD00621,CUST0102,2023-08-26,Completed,Net Banking,North
ORD00622,CUST0215,2023-12-11,Returned,UPI,East
ORD00623,CUST0150,2023-10-06,Pending,Net Banking,West
ORD00624,CUST0432,2023-08-06,Completed,UPI,North
ORD00625,CUST0083,2023-09-30,Completed,UPI,Central
ORD00626,CUST0110,2023-07-14,Completed,Credit Card,East
ORD00627,CUST0435,2023-04-28,Completed,Net Banking,West
ORD00628,CUST0387,2023-05-07,Completed,Net Banking,South
ORD00629,CUST0426,2023-08-24,Cancelled,Credit Card,South
ORD00630,CUST0275,2023-06-27,Cancelled,UPI,East
ORD00631,CUST0201,2023-03-21,Completed,Debit Card,South
ORD00632,CUST0284,2023-05-22,Completed,UPI,West
ORD00633,CUST0468,2023-04-07,Completed,UPI,East
ORD00634,CUST0173,2023-02-27,Returned,Cash on Delivery,South
ORD00635,CUST0327,2023-01-17,Returned,Net Banking,East
ORD00636,CUST0206,2023-12-05,Completed,UPI,East
ORD00637,CUST0063,2023-08-03,Pending,Net Banking,Central
ORD00638,CUST0073,2023-11-11,Completed,Cash on Delivery,Central
ORD00639,CUST0251,2023-01-09,Completed,UPI,North
ORD00640,CUST0124,2023-05-04,Completed,UPI,East
ORD00641,CUST0375,2023-04-16,Completed,UPI,North
ORD00642,CUST0121,2023-02-04,Completed,Debit Card,South
ORD00643,CUST0275,2023-02-21,Completed,Net Banking,East
ORD00644,CUST0431,2023-11-01,Completed,Credit Card,South
ORD00645,CUST0500,2023-01-18,Returned,Cash on Delivery,North
ORD00646,CUST0398,2023-08-17,Completed,UPI,East
ORD00647,CUST0120,2023-11-03,Completed,Credit Card,South
ORD00648,CUST0422,2023-12-11,Completed,UPI,West
ORD00649,CUST0437,2023-12-27,Completed,UPI,South
ORD00650,CUST0317,2023-01-25,Completed,Cash on Delivery,East
ORD00651,CUST0164,2023-05-06,Completed,Credit Card,North
ORD00652,CUST0424,2023-01-23,Completed,Cash on Delivery,South
ORD00653,CUST0465,2023-07-25,Completed,UPI,South
ORD00654,CUST0286,2023-08-13,Completed,Credit Card,Central
ORD00655,CUST0265,2023-04-30,Completed,Debit Card,West
ORD00656,CUST0320,2023-10-04,Completed,UPI,East
ORD00657,CUST0161,2023-04-22,Completed,Credit Card,East
ORD00658,CUST0376,2023-01-29,Completed,UPI,East
ORD00659,CUST0308,2023-03-13,Pending,Cash on Delivery,West
ORD00660,CUST0089,2023-09-15,Completed,UPI,West
ORD00661,CUST0142,2023-05-29,Completed,Credit Card,Central
ORD00662,CUST0203,2023-04-30,Pending,Credit Card,North
ORD00663,CUST0309,2023-10-22,Completed,Credit Card,Central
ORD00664,CUST0227,2023-06-13,Completed,Net Banking,South
ORD00665,CUST0489,2023-10-23,Pending,UPI,West
ORD00666,CUST0443,2023-11-03,Pending,Credit Card,East
ORD00667,CUST0334,2023-12-11,Returned,Credit Card,Central
ORD00668,CUST0222,2023-06-14,Completed,UPI,North
ORD00669,CUST0041,2023-05-02,Completed,Debit Card,West
ORD00670,CUST0196,2023-06-04,Completed,UPI,East
ORD00671,CUST0068,2023-03-15,Completed,Debit Card,South
ORD00672,CUST0476,2023-12-05,Completed,UPI,Central
ORD00673,CUST0264,2023-09-24,Completed,Credit Card,North
ORD00674,CUST0002,2023-04-24,Cancelled,Cash on Delivery,Central
ORD00675,CUST0361,2023-07-31,Completed,UPI,West
ORD00676,CUST0125,2023-06-03,Completed,Net Banking,North
ORD00677,CUST0110,2023-05-21,Completed,Debit Card,East
ORD00678,CUST0086,2023-02-01,Completed,Credit Card,North
ORD00679,CUST0425,2023-10-13,Completed,Credit Card,East
ORD00680,CUST0120,2023-10-30,Completed,Net Banking,South
ORD00681,CUST0127,2023-03-31,Completed,Credit Card,Central
ORD00682,CUST0255,2023-11-17,Completed,Credit Card,North
ORD00683,CUST0183,2023-12-14,Cancelled,Credit Card,North
ORD00684,CUST0016,2023-08-07,Cancelled,Credit Card,South
ORD00685,CUST0477,2023-10-12,Completed,Net Banking,West
ORD00686,CUST0062,2023-09-11,Completed,Credit Card,West
ORD00687,CUST0369,2023-01-25,Cancelled,UPI,West
ORD00688,CUST0432,2023-06-26,Cancelled,UPI,North
ORD00689,CUST0158,2023-11-26,Completed,UPI,Central
ORD00690,CUST0268,2023-12-10,Completed,Credit Card,North
ORD00691,CUST0035,2023-07-15,Completed,Net Banking,East
ORD00692,CUST0267,2023-09-26,Pending,Credit Card,West
ORD00693,CUST0064,2023-06-13,Returned,Net Banking,South
ORD00694,CUST0494,2023-12-23,Completed,Cash on Delivery,North
ORD00695,CUST0050,2023-08-02,Cancelled,UPI,West
ORD00696,CUST0469,2023-07-29,Completed,UPI,North
ORD00697,CUST0255,2023-03-18,Returned,UPI,North
ORD00698,CUST0149,2023-06-03,Completed,UPI,South
ORD00699,CUST0325,2023-07-12,Pending,Cash on Delivery,North
ORD00700,CUST0304,2023-04-05,Completed,Cash on Delivery,Central
ORD00701,CUST0276,2023-10-03,Completed,UPI,East
ORD00702,CUST0357,2023-08-31,Completed,UPI,West
ORD00703,CUST0451,2023-05-04,Returned,Debit Card,East
ORD00704,CUST0172,2023-04-26,Pending,Debit Card,North
ORD00705,CUST0417,2023-06-03,Cancelled,UPI,South
ORD00706,CUST0201,2023-12-29,Returned,UPI,South
ORD00707,CUST0445,2023-03-15,Completed,Credit Card,Central
ORD00708,CUST0393,2023-08-26,Completed,Debit Card,Central
ORD00709,CUST0324,2023-01-30,Completed,Credit Card,North
ORD00710,CUST0035,2023-10-15,Completed,UPI,East
ORD00711,CUST0465,2023-07-31,Completed,Credit Card,South
ORD00712,CUST0482,2023-08-02,Completed,Credit Card,West
ORD00713,CUST0216,2023-10-13,Completed,UPI,East
ORD00714,CUST0480,2023-09-29,Completed,Debit Card,Central
ORD00715,CUST0065,2023-03-10,Completed,Credit Card,South
ORD00716,CUST0008,2023-07-18,Completed,UPI,East
ORD00717,CUST0301,2023-05-05,Returned,Credit Card,Central
ORD00718,CUST0343,2023-05-11,Pending,Credit Card,East
ORD00719,CUST0431,2023-04-15,Returned,UPI,South
ORD00720,CUST0424,2023-06-19,Completed,UPI,South
ORD00721,CUST0332,2023-11-28,Completed,Credit Card,South
ORD00722,CUST0438,2023-02-10,Pending,UPI,East
ORD00723,CUST0076,2023-08-19,Completed,Credit Card,South
ORD00724,CUST0174,2023-07-09,Completed,UPI,West
ORD00725,CUST0047,2023-02-17,Completed,Debit Card,South
ORD00726,CUST0015,2023-10-02,Completed,Debit Card,West
ORD00727,CUST0361,2023-04-08,Completed,UPI,West
ORD00728,CUST0147,2023-01-27,Completed,UPI,West
ORD00729,CUST0026,2023-05-18,Completed,Cash on Delivery,East
ORD00730,CUST0308,2023-07-13,Completed,Credit Card,West
ORD00731,CUST0093,2023-12-11,Completed,Cash on Delivery,East
ORD00732,CUST0406,2023-11-06,Pending,Debit Card,Central
ORD00733,CUST0232,2023-11-05,Completed,Credit Card,North
ORD00734,CUST0021,2023-01-21,Completed,Credit Card,South
ORD00735,CUST0307,2023-02-07,Cancelled,Debit Card,North
ORD00736,CUST0038,2023-04-07,Completed,UPI,Central
ORD00737,CUST0276,2023-10-28,Completed,Credit Card,East
ORD00738,CUST0157,2023-12-10,Completed,Credit Card,West
ORD00739,CUST0179,2023-10-14,Completed,UPI,Central
ORD00740,CUST0132,2023-04-22,Completed,Net Banking,Central
ORD00741,CUST0311,2023-09-03,Pending,Net Banking,North
ORD00742,CUST0455,2023-04-17,Completed,Debit Card,West
ORD00743,CUST0348,2023-06-20,Completed,Credit Card,North
ORD00744,CUST0028,2023-06-05,Completed,UPI,South
ORD00745,CUST0260,2023-01-08,Completed,UPI,South
ORD00746,CUST0406,2023-04-19,Completed,UPI,Central
ORD00747,CUST0076,2023-04-08,Completed,Credit Card,South
ORD00748,CUST0429,2023-03-02,Completed,Debit Card,Central
ORD00749,CUST0067,2023-09-03,Completed,Cash on Delivery,South
ORD00750,CUST0342,2023-05-05,Completed,UPI,West
ORD00751,CUST0492,2023-12-23,Completed,UPI,Central
ORD00752,CUST0194,2023-11-06,Pending,Credit Card,South
ORD00753,CUST0472,2023-12-27,Completed,UPI,Central
ORD00754,CUST0162,2023-04-15,Completed,Net Banking,North
ORD00755,CUST0347,2023-07-23,Completed,UPI,East
ORD00756,CUST0439,2023-05-03,Completed,Debit Card,West
ORD00757,CUST0361,2023-10-10,Completed,UPI,West
ORD00758,CUST0257,2023-06-14,Completed,UPI,North
ORD00759,CUST0072,2023-05-25,Pending,Net Banking,Central
ORD00760,CUST0087,2023-07-14,Cancelled,Credit Card,North
ORD00761,CUST0422,2023-08-27,Completed,UPI,West
ORD00762,CUST0262,2023-10-01,Completed,UPI,East
ORD00763,CUST0214,2023-11-29,Pending,UPI,South
ORD00764,CUST0153,2023-07-03,Returned,Net Banking,North
ORD00765,CUST0210,2023-06-07,Cancelled,UPI,West
ORD00766,CUST0401,2023-05-14,Completed,Net Banking,East
ORD00767,CUST0061,2023-07-04,Completed,UPI,South
ORD00768,CUST0268,2023-09-20,Completed,UPI,North
ORD00769,CUST0262,2023-09-12,Completed,Cash on Delivery,East
ORD00770,CUST0218,2023-08-27,Completed,Credit Card,West
ORD00771,CUST0283,2023-02-20,Completed,Credit Card,North
ORD00772,CUST0136,2023-08-29,Pending,UPI,East
ORD00773,CUST0467,2023-06-13,Completed,Credit Card,South
ORD00774,CUST0380,2023-04-15,Cancelled,Credit Card,Central
ORD00775,CUST0362,2023-07-09,Completed,UPI,West
ORD00776,CUST0449,2023-06-10,Completed,UPI,North
ORD00777,CUST0441,2023-07-31,Completed,UPI,North
ORD00778,CUST0093,2023-01-24,Pending,Debit Card,East
ORD00779,CUST0109,2023-10-16,Completed,UPI,East
ORD00780,CUST0241,2023-04-24,Completed,Cash on Delivery,East
ORD00781,CUST0355,2023-03-16,Returned,Credit Card,South
ORD00782,CUST0424,2023-01-09,Completed,UPI,South
ORD00783,CUST0142,2023-05-14,Completed,Cash on Delivery,Central
ORD00784,CUST0291,2023-10-11,Completed,UPI,East
ORD00785,CUST0432,2023-10-27,Completed,Net Banking,North
ORD00786,CUST0237,2023-10-24,Completed,UPI,North
ORD00787,CUST0340,2023-08-02,Completed,Credit Card,West
ORD00788,CUST0312,2023-06-01,Completed,UPI,East
ORD00789,CUST0177,2023-03-20,Completed,UPI,East
ORD00790,CUST0141,2023-04-11,Completed,Cash on Delivery,North
ORD00791,CUST0189,2023-06-18,Completed,Credit Card,North
ORD00792,CUST0486,2023-04-28,Completed,Debit Card,East
ORD00793,CUST0049,2023-07-14,Completed,Debit Card,South
ORD00794,CUST0302,2023-10-19,Completed,Credit Card,Central
ORD00795,CUST0369,2023-05-06,Completed,UPI,West
ORD00796,CUST0190,2023-09-13,Completed,Cash on Delivery,East
ORD00797,CUST0136,2023-10-09,Pending,Debit Card,East
ORD00798,CUST0043,2023-12-02,Completed,UPI,West
ORD00799,CUST0404,2023-12-17,Cancelled,UPI,Central
ORD00800,CUST0380,2023-06-22,Returned,UPI,Central
ORD00801,CUST0353,2023-05-12,Completed,Net Banking,North
ORD00802,CUST0090,2023-09-08,Completed,Credit Card,East
ORD00803,CUST0295,2023-11-25,Completed,Net Banking,West
ORD00804,CUST0341,2023-09-09,Pending,Credit Card,North
ORD00805,CUST0245,2023-08-24,Completed,Credit Card,East
ORD00806,CUST0433,2023-03-28,Completed,UPI,West
ORD00807,CUST0192,2023-06-30,Completed,UPI,Central
ORD00808,CUST0318,2023-03-28,Pending,UPI,South
ORD00809,CUST0106,2023-03-13,Pending,UPI,Central
ORD00810,CUST0363,2023-10-07,Completed,UPI,West
ORD00811,CUST0310,2023-09-08,Completed,Credit Card,Central
ORD00812,CUST0382,2023-04-05,Completed,UPI,Central
ORD00813,CUST0233,2023-10-05,Completed,Debit Card,West
ORD00814,CUST0265,2023-11-25,Cancelled,UPI,West
ORD00815,CUST0344,2023-01-31,Completed,UPI,West
ORD00816,CUST0037,2023-09-26,Completed,UPI,East
ORD00817,CUST0305,2023-01-18,Completed,Debit Card,East
ORD00818,CUST0041,2023-02-08,Cancelled,Credit Card,West
ORD00819,CUST0017,2023-12-09,Pending,Net Banking,West
ORD00820,CUST0344,2023-01-25,Completed,Net Banking,West
ORD00821,CUST0277,2023-01-04,Pending,UPI,Central
ORD00822,CUST0307,2023-07-31,Completed,Credit Card,North
ORD00823,CUST0059,2023-03-12,Completed,Net Banking,West
ORD00824,CUST0423,2023-11-19,Completed,Credit Card,South
ORD00825,CUST0183,2023-04-29,Completed,UPI,North
ORD00826,CUST0041,2023-02-04,Completed,Net Banking,West
ORD00827,CUST0039,2023-12-29,Cancelled,Credit Card,North
ORD00828,CUST0397,2023-03-19,Completed,Cash on Delivery,Central
ORD00829,CUST0192,2023-01-05,Completed,Credit Card,Central
ORD00830,CUST0267,2023-04-22,Completed,Cash on Delivery,West
ORD00831,CUST0494,2023-09-16,Completed,UPI,North
ORD00832,CUST0147,2023-08-22,Cancelled,Credit Card,West
ORD00833,CUST0395,2023-07-11,Completed,Credit Card,Central
ORD00834,CUST0333,2023-01-31,Completed,Debit Card,North
ORD00835,CUST0127,2023-11-13,Pending,Credit Card,Central
ORD00836,CUST0046,2023-11-23,Completed,Credit Card,North
ORD00837,CUST0045,2023-12-08,Completed,UPI,South
ORD00838,CUST0001,2023-11-12,Completed,UPI,West
ORD00839,CUST0168,2023-09-05,Completed,UPI,East
ORD00840,CUST0108,2023-12-04,Returned,Credit Card,West
ORD00841,CUST0019,2023-09-07,Pending,Credit Card,North
ORD00842,CUST0332,2023-01-09,Completed,Credit Card,South
ORD00843,CUST0072,2023-01-04,Pending,Credit Card,Central
ORD00844,CUST0456,2023-09-30,Completed,UPI,South
ORD00845,CUST0445,2023-10-10,Completed,Net Banking,Central
ORD00846,CUST0109,2023-07-30,Completed,Credit Card,East
ORD00847,CUST0268,2023-01-07,Completed,UPI,North
ORD00848,CUST0445,2023-01-09,Completed,UPI,Central
ORD00849,CUST0240,2023-09-29,Completed,Debit Card,Central
ORD00850,CUST0417,2023-05-21,Cancelled,Debit Card,South
ORD00851,CUST0301,2023-10-02,Completed,Cash on Delivery,Central
ORD00852,CUST0090,2023-05-27,Completed,Credit Card,East
ORD00853,CUST0103,2023-01-09,Completed,Credit Card,West
ORD00854,CUST0476,2023-09-15,Completed,UPI,Central
ORD00855,CUST0250,2023-12-24,Completed,Credit Card,East
ORD00856,CUST0453,2023-12-12,Completed,UPI,Central
ORD00857,CUST0008,2023-08-09,Pending,Net Banking,East
ORD00858,CUST0153,2023-04-02,Completed,Cash on Delivery,North
ORD00859,CUST0347,2023-02-24,Completed,Cash on Delivery,East
ORD00860,CUST0174,2023-02-19,Completed,UPI,West
ORD00861,CUST0343,2023-09-26,Completed,Net Banking,East
ORD00862,CUST0158,2023-03-18,Completed,UPI,Central
ORD00863,CUST0493,2023-05-04,Completed,Credit Card,West
ORD00864,CUST0431,2023-04-09,Completed,Net Banking,South
ORD00865,CUST0215,2023-11-14,Completed,Credit Card,East
ORD00866,CUST0177,2023-09-27,Completed,UPI,East
ORD00867,CUST0175,2023-05-10,Completed,UPI,West
ORD00868,CUST0340,2023-07-01,Completed,Net Banking,West
ORD00869,CUST0338,2023-05-17,Pending,Net Banking,West
ORD00870,CUST0146,2023-07-23,Completed,UPI,West
ORD00871,CUST0450,2023-02-10,Pending,Cash on Delivery,South
ORD00872,CUST0324,2023-07-11,Completed,Credit Card,North
ORD00873,CUST0478,2023-07-27,Pending,UPI,North
ORD00874,CUST0161,2023-08-24,Completed,Net Banking,East
ORD00875,CUST0127,2023-10-17,Completed,Net Banking,Central
ORD00876,CUST0420,2023-05-05,Completed,Debit Card,West
ORD00877,CUST0082,2023-12-23,Cancelled,Credit Card,North
ORD00878,CUST0485,2023-04-26,Completed,Net Banking,North
ORD00879,CUST0147,2023-06-03,Completed,UPI,West
ORD00880,CUST0239,2023-12-17,Completed,Cash on Delivery,Central
ORD00881,CUST0412,2023-02-11,Pending,Credit Card,South
ORD00882,CUST0424,2023-12-01,Completed,Net Banking,South
ORD00883,CUST0084,2023-11-29,Pending,UPI,Central
ORD00884,CUST0113,2023-01-17,Completed,Credit Card,Central
ORD00885,CUST0225,2023-02-17,Completed,UPI,North
ORD00886,CUST0332,2023-07-27,Completed,UPI,South
ORD00887,CUST0378,2023-07-14,Returned,UPI,South
ORD00888,CUST0243,2023-07-13,Completed,Cash on Delivery,North
ORD00889,CUST0143,2023-10-10,Returned,UPI,West
ORD00890,CUST0041,2023-09-01,Completed,UPI,West
ORD00891,CUST0423,2023-01-29,Completed,UPI,South
ORD00892,CUST0258,2023-11-23,Completed,Credit Card,Central
ORD00893,CUST0447,2023-01-05,Completed,Credit Card,East
ORD00894,CUST0285,2023-12-26,Pending,UPI,North
ORD00895,CUST0105,2023-03-29,Returned,UPI,North
ORD00896,CUST0202,2023-02-12,Cancelled,Credit Card,East
ORD00897,CUST0450,2023-09-13,Completed,UPI,South
ORD00898,CUST0307,2023-08-11,Completed,UPI,North
ORD00899,CUST0331,2023-11-27,Completed,Credit Card,East
ORD00900,CUST0461,2023-06-19,Returned,UPI,North
ORD00901,CUST0266,2023-10-17,Completed,Credit Card,North
ORD00902,CUST0398,2023-02-18,Completed,Debit Card,East
ORD00903,CUST0210,2023-09-28,Completed,Cash on Delivery,West
ORD00904,CUST0051,2023-01-22,Completed,Net Banking,West
ORD00905,CUST0118,2023-04-28,Returned,Credit Card,East
ORD00906,CUST0201,2023-04-19,Completed,Net Banking,South
ORD00907,CUST0377,2023-12-21,Completed,Cash on Delivery,West
ORD00908,CUST0039,2023-10-18,Completed,Net Banking,North
ORD00909,CUST0028,2023-09-01,Completed,Credit Card,South
ORD00910,CUST0259,2023-05-19,Completed,UPI,South
ORD00911,CUST0084,2023-01-24,Completed,Cash on Delivery,Central
ORD00912,CUST0454,2023-02-08,Pending,UPI,Central
ORD00913,CUST0155,2023-12-17,Returned,UPI,East
ORD00914,CUST0117,2023-05-24,Completed,UPI,South
ORD00915,CUST0002,2023-10-06,Completed,UPI,Central
ORD00916,CUST0093,2023-10-16,Cancelled,Credit Card,East
ORD00917,CUST0166,2023-12-03,Completed,UPI,South
ORD00918,CUST0387,2023-01-17,Completed,Credit Card,South
ORD00919,CUST0400,2023-04-02,Completed,UPI,South
ORD00920,CUST0350,2023-06-11,Completed,Credit Card,Central
ORD00921,CUST0296,2023-01-09,Completed,UPI,Central
ORD00922,CUST0258,2023-04-17,Returned,Credit Card,Central
ORD00923,CUST0081,2023-10-28,Completed,Net Banking,Central
ORD00924,CUST0425,2023-03-15,Completed,Net Banking,East
ORD00925,CUST0268,2023-12-31,Completed,Credit Card,North
ORD00926,CUST0419,2023-07-23,Completed,Credit Card,Central
ORD00927,CUST0235,2023-02-09,Completed,Credit Card,North
ORD00928,CUST0321,2023-06-03,Pending,Cash on Delivery,South
ORD00929,CUST0311,2023-03-25,Pending,UPI,North
ORD00930,CUST0301,2023-10-16,Completed,UPI,Central
ORD00931,CUST0463,2023-05-04,Cancelled,Credit Card,Central
ORD00932,CUST0474,2023-10-18,Pending,UPI,Central
ORD00933,CUST0357,2023-07-19,Pending,Cash on Delivery,West
ORD00934,CUST0213,2023-12-13,Completed,Cash on Delivery,East
ORD00935,CUST0062,2023-10-04,Completed,UPI,West
ORD00936,CUST0049,2023-06-19,Completed,Credit Card,South
ORD00937,CUST0127,2023-07-16,Completed,Credit Card,Central
ORD00938,CUST0223,2023-03-13,Completed,Credit Card,East
ORD00939,CUST0409,2023-12-19,Completed,Credit Card,Central
ORD00940,CUST0279,2023-02-10,Cancelled,Credit Card,East
ORD00941,CUST0408,2023-09-14,Cancelled,Credit Card,West
ORD00942,CUST0294,2023-06-27,Cancelled,UPI,West
ORD00943,CUST0284,2023-01-28,Completed,Debit Card,West
ORD00944,CUST0277,2023-02-20,Completed,UPI,Central
ORD00945,CUST0438,2023-08-12,Completed,Cash on Delivery,East
ORD00946,CUST0107,2023-04-29,Completed,Net Banking,East
ORD00947,CUST0146,2023-02-08,Completed,Credit Card,West
ORD00948,CUST0420,2023-06-24,Completed,Net Banking,West
ORD00949,CUST0099,2023-11-06,Completed,Credit Card,South
ORD00950,CUST0429,2023-11-11,Pending,UPI,Central
ORD00951,CUST0375,2023-11-01,Completed,UPI,North
ORD00952,CUST0073,2023-07-23,Completed,Debit Card,Central
ORD00953,CUST0437,2023-06-17,Completed,Credit Card,South
ORD00954,CUST0486,2023-01-16,Completed,Credit Card,East
ORD00955,CUST0122,2023-11-21,Completed,Debit Card,West
ORD00956,CUST0030,2023-05-20,Completed,Credit Card,West
ORD00957,CUST0188,2023-08-19,Completed,Net Banking,North
ORD00958,CUST0364,2023-09-09,Completed,Net Banking,Central
ORD00959,CUST0354,2023-04-27,Completed,Cash on Delivery,West
ORD00960,CUST0288,2023-07-02,Completed,Debit Card,Central
ORD00961,CUST0451,2023-10-11,Completed,Debit Card,East
ORD00962,CUST0195,2023-07-12,Cancelled,Credit Card,West
ORD00963,CUST0156,2023-08-10,Completed,Cash on Delivery,North
ORD00964,CUST0172,2023-04-06,Completed,UPI,North
ORD00965,CUST0335,2023-12-15,Completed,UPI,West
ORD00966,CUST0041,2023-10-27,Returned,Credit Card,West
ORD00967,CUST0063,2023-12-05,Pending,Net Banking,Central
ORD00968,CUST0023,2023-07-14,Completed,Debit Card,West
ORD00969,CUST0360,2023-02-13,Completed,Cash on Delivery,Central
ORD00970,CUST0075,2023-11-13,Cancelled,UPI,Central
ORD00971,CUST0048,2023-06-01,Completed,Credit Card,Central
ORD00972,CUST0160,2023-05-07,Completed,UPI,East
ORD00973,CUST0313,2023-02-07,Completed,Cash on Delivery,South
ORD00974,CUST0118,2023-02-12,Pending,Net Banking,East
ORD00975,CUST0100,2023-05-18,Pending,UPI,North
ORD00976,CUST0380,2023-03-20,Completed,Credit Card,Central
ORD00977,CUST0417,2023-07-14,Completed,UPI,South
ORD00978,CUST0408,2023-12-31,Completed,UPI,West
ORD00979,CUST0167,2023-11-21,Completed,Debit Card,West
ORD00980,CUST0290,2023-03-20,Returned,UPI,West
ORD00981,CUST0440,2023-07-19,Completed,UPI,North
ORD00982,CUST0156,2023-06-12,Completed,UPI,North
ORD00983,CUST0421,2023-07-04,Completed,Credit Card,South
ORD00984,CUST0007,2023-02-24,Completed,Debit Card,East
ORD00985,CUST0196,2023-02-16,Completed,UPI,East
ORD00986,CUST0421,2023-01-03,Completed,UPI,South
ORD00987,CUST0056,2023-06-07,Completed,UPI,North
ORD00988,CUST0321,2023-08-16,Completed,Net Banking,South
ORD00989,CUST0193,2023-07-04,Completed,Net Banking,West
ORD00990,CUST0047,2023-05-19,Completed,Net Banking,South
ORD00991,CUST0148,2023-02-22,Completed,Credit Card,East
ORD00992,CUST0275,2023-03-09,Returned,UPI,East
ORD00993,CUST0157,2023-02-14,Pending,Credit Card,West
ORD00994,CUST0202,2023-04-06,Returned,Net Banking,East
ORD00995,CUST0444,2023-08-09,Completed,Credit Card,East
ORD00996,CUST0402,2023-08-18,Returned,UPI,Central
ORD00997,CUST0476,2023-10-13,Completed,Cash on Delivery,Central
ORD00998,CUST0419,2023-10-12,Completed,Cash on Delivery,Central
ORD00999,CUST0427,2023-09-20,Completed,UPI,North
ORD01000,CUST0495,2023-07-28,Completed,UPI,Central
ORD01001,CUST0479,2023-02-22,Completed,Credit Card,Central
ORD01002,CUST0475,2023-01-14,Completed,Net Banking,East
ORD01003,CUST0126,2023-02-15,Completed,Cash on Delivery,West
ORD01004,CUST0395,2023-07-01,Completed,Credit Card,Central
ORD01005,CUST0305,2023-10-11,Completed,UPI,East
ORD01006,CUST0369,2023-02-17,Completed,Cash on Delivery,West
ORD01007,CUST0294,2023-11-02,Completed,Cash on Delivery,West
ORD01008,CUST0064,2023-11-03,Pending,Credit Card,South
ORD01009,CUST0325,2023-06-16,Pending,UPI,North
ORD01010,CUST0392,2023-07-17,Completed,Credit Card,Central
ORD01011,CUST0418,2023-01-07,Completed,Credit Card,South
ORD01012,CUST0176,2023-05-30,Completed,Cash on Delivery,South
ORD01013,CUST0116,2023-07-31,Pending,Cash on Delivery,Central
ORD01014,CUST0440,2023-07-18,Completed,Net Banking,North
ORD01015,CUST0204,2023-02-13,Completed,Credit Card,North
ORD01016,CUST0486,2023-10-14,Completed,Cash on Delivery,East
ORD01017,CUST0321,2023-05-05,Completed,UPI,South
ORD01018,CUST0031,2023-10-20,Completed,UPI,East
ORD01019,CUST0388,2023-09-24,Pending,UPI,South
ORD01020,CUST0113,2023-03-28,Completed,Credit Card,Central
ORD01021,CUST0365,2023-12-17,Completed,Net Banking,West
ORD01022,CUST0434,2023-07-14,Pending,UPI,East
ORD01023,CUST0325,2023-03-28,Pending,Credit Card,North
ORD01024,CUST0414,2023-03-13,Completed,Credit Card,West
ORD01025,CUST0376,2023-05-18,Completed,Credit Card,East
ORD01026,CUST0344,2023-06-04,Completed,Credit Card,West
ORD01027,CUST0443,2023-05-18,Returned,UPI,East
ORD01028,CUST0067,2023-09-10,Completed,Cash on Delivery,South
ORD01029,CUST0075,2023-03-16,Returned,Credit Card,Central
ORD01030,CUST0045,2023-02-02,Completed,Credit Card,South
ORD01031,CUST0260,2023-03-27,Completed,UPI,South
ORD01032,CUST0154,2023-08-11,Completed,Cash on Delivery,North
ORD01033,CUST0155,2023-05-22,Completed,UPI,East
ORD01034,CUST0430,2023-08-04,Completed,UPI,West
ORD01035,CUST0363,2023-06-03,Completed,UPI,West
ORD01036,CUST0448,2023-09-05,Completed,Credit Card,North
ORD01037,CUST0475,2023-02-09,Returned,Credit Card,East
ORD01038,CUST0234,2023-07-04,Completed,Net Banking,West
ORD01039,CUST0051,2023-05-09,Completed,UPI,West
ORD01040,CUST0306,2023-05-07,Completed,UPI,West
ORD01041,CUST0262,2023-11-17,Completed,Net Banking,East
ORD01042,CUST0315,2023-09-11,Completed,Net Banking,South
ORD01043,CUST0125,2023-11-01,Completed,Credit Card,North
ORD01044,CUST0399,2023-11-12,Returned,UPI,West
ORD01045,CUST0245,2023-04-11,Completed,Credit Card,East
ORD01046,CUST0030,2023-08-23,Completed,Credit Card,West
ORD01047,CUST0426,2023-02-24,Completed,Net Banking,South
ORD01048,CUST0485,2023-03-11,Completed,Cash on Delivery,North
ORD01049,CUST0122,2023-06-05,Completed,Debit Card,West
ORD01050,CUST0125,2023-01-04,Pending,UPI,North
ORD01051,CUST0037,2023-07-22,Pending,Credit Card,East
ORD01052,CUST0170,2023-06-20,Completed,Credit Card,West
ORD01053,CUST0124,2023-11-14,Completed,Cash on Delivery,East
ORD01054,CUST0357,2023-07-14,Completed,UPI,West
ORD01055,CUST0035,2023-06-18,Completed,UPI,East
ORD01056,CUST0087,2023-08-14,Completed,Net Banking,North
ORD01057,CUST0134,2023-06-21,Completed,Net Banking,Central
ORD01058,CUST0196,2023-08-09,Completed,Cash on Delivery,East
ORD01059,CUST0274,2023-11-30,Completed,Credit Card,West
ORD01060,CUST0201,2023-11-01,Completed,Net Banking,South
ORD01061,CUST0369,2023-03-11,Completed,Cash on Delivery,West
ORD01062,CUST0285,2023-06-03,Completed,Credit Card,North
ORD01063,CUST0077,2023-06-14,Completed,UPI,North
ORD01064,CUST0059,2023-11-05,Pending,UPI,West
ORD01065,CUST0431,2023-12-22,Completed,Debit Card,South
ORD01066,CUST0126,2023-04-13,Completed,Credit Card,West
ORD01067,CUST0500,2023-09-03,Completed,UPI,North
ORD01068,CUST0401,2023-06-10,Cancelled,Credit Card,East
ORD01069,CUST0109,2023-04-01,Completed,Net Banking,East
ORD01070,CUST0224,2023-07-23,Completed,Credit Card,West
ORD01071,CUST0496,2023-06-13,Completed,Credit Card,North
ORD01072,CUST0278,2023-05-30,Completed,UPI,East
ORD01073,CUST0068,2023-12-22,Returned,Cash on Delivery,South
ORD01074,CUST0069,2023-11-21,Completed,Credit Card,West
ORD01075,CUST0165,2023-09-09,Cancelled,Credit Card,East
ORD01076,CUST0489,2023-10-22,Returned,Net Banking,West
ORD01077,CUST0305,2023-05-05,Cancelled,UPI,East
ORD01078,CUST0397,2023-06-16,Completed,Cash on Delivery,Central
ORD01079,CUST0162,2023-07-12,Completed,Credit Card,North
ORD01080,CUST0365,2023-05-24,Completed,UPI,West
ORD01081,CUST0342,2023-07-21,Pending,Credit Card,West
ORD01082,CUST0309,2023-07-06,Completed,Credit Card,Central
ORD01083,CUST0379,2023-02-28,Completed,Net Banking,South
ORD01084,CUST0343,2023-10-16,Completed,UPI,East
ORD01085,CUST0435,2023-04-13,Completed,Net Banking,West
ORD01086,CUST0387,2023-10-31,Pending,UPI,South
ORD01087,CUST0042,2023-10-07,Completed,UPI,North
ORD01088,CUST0354,2023-04-03,Pending,UPI,West
ORD01089,CUST0416,2023-12-16,Completed,Debit Card,Central
ORD01090,CUST0109,2023-10-09,Pending,Credit Card,East
ORD01091,CUST0051,2023-01-14,Completed,Credit Card,West
ORD01092,CUST0250,2023-08-25,Completed,UPI,East
ORD01093,CUST0497,2023-12-29,Cancelled,UPI,East
ORD01094,CUST0341,2023-04-18,Completed,Credit Card,North
ORD01095,CUST0430,2023-08-13,Pending,Cash on Delivery,West
ORD01096,CUST0383,2023-05-30,Completed,Credit Card,North
ORD01097,CUST0492,2023-12-21,Completed,Cash on Delivery,Central
ORD01098,CUST0021,2023-02-05,Completed,Credit Card,South
ORD01099,CUST0300,2023-07-29,Completed,Net Banking,North
ORD01100,CUST0139,2023-12-11,Completed,Cash on Delivery,South
ORD01101,CUST0359,2023-09-13,Completed,Credit Card,North
ORD01102,CUST0324,2023-03-13,Completed,Debit Card,North
ORD01103,CUST0499,2023-11-21,Completed,UPI,North
ORD01104,CUST0385,2023-06-05,Returned,Debit Card,Central
ORD01105,CUST0092,2023-05-04,Returned,Net Banking,North
ORD01106,CUST0447,2023-05-10,Completed,UPI,East
ORD01107,CUST0280,2023-12-04,Completed,Credit Card,East
ORD01108,CUST0125,2023-03-20,Completed,UPI,North
ORD01109,CUST0483,2023-08-05,Completed,Credit Card,South
ORD01110,CUST0397,2023-07-13,Pending,Credit Card,Central
ORD01111,CUST0111,2023-02-07,Returned,Credit Card,North
ORD01112,CUST0354,2023-08-18,Completed,UPI,West
ORD01113,CUST0139,2023-11-03,Pending,Net Banking,South
ORD01114,CUST0484,2023-09-03,Completed,Credit Card,Central
ORD01115,CUST0435,2023-10-26,Returned,Credit Card,West
ORD01116,CUST0273,2023-07-25,Completed,UPI,North
ORD01117,CUST0099,2023-10-01,Completed,Credit Card,South
ORD01118,CUST0252,2023-09-17,Completed,Credit Card,West
ORD01119,CUST0338,2023-12-21,Completed,Credit Card,West
ORD01120,CUST0104,2023-08-03,Completed,Debit Card,South
ORD01121,CUST0214,2023-10-06,Returned,Cash on Delivery,South
ORD01122,CUST0249,2023-01-19,Completed,UPI,West
ORD01123,CUST0152,2023-07-04,Completed,Net Banking,North
ORD01124,CUST0250,2023-12-26,Completed,UPI,East
ORD01125,CUST0275,2023-10-02,Completed,Net Banking,East
ORD01126,CUST0165,2023-11-01,Completed,Net Banking,East
ORD01127,CUST0487,2023-11-23,Completed,UPI,North
ORD01128,CUST0341,2023-02-13,Completed,Credit Card,North
ORD01129,CUST0008,2023-02-25,Completed,Credit Card,East
ORD01130,CUST0284,2023-05-08,Completed,UPI,West
ORD01131,CUST0005,2023-12-03,Pending,Cash on Delivery,Central
ORD01132,CUST0145,2023-12-07,Cancelled,UPI,West
ORD01133,CUST0101,2023-07-01,Completed,Cash on Delivery,West
ORD01134,CUST0164,2023-03-27,Completed,Debit Card,North
ORD01135,CUST0374,2023-11-28,Completed,Credit Card,East
ORD01136,CUST0147,2023-11-10,Completed,Net Banking,West
ORD01137,CUST0064,2023-01-23,Completed,Net Banking,South
ORD01138,CUST0091,2023-10-16,Completed,Debit Card,East
ORD01139,CUST0117,2023-11-27,Completed,Debit Card,South
ORD01140,CUST0354,2023-12-13,Completed,Net Banking,West
ORD01141,CUST0267,2023-11-28,Completed,Credit Card,West
ORD01142,CUST0310,2023-07-24,Pending,Net Banking,Central
ORD01143,CUST0173,2023-06-19,Returned,Credit Card,South
ORD01144,CUST0047,2023-08-09,Completed,Net Banking,South
ORD01145,CUST0140,2023-02-24,Completed,Cash on Delivery,Central
ORD01146,CUST0246,2023-01-06,Cancelled,UPI,East
ORD01147,CUST0149,2023-02-20,Cancelled,UPI,South
ORD01148,CUST0246,2023-05-13,Completed,UPI,East
ORD01149,CUST0395,2023-04-24,Completed,UPI,Central
ORD01150,CUST0487,2023-09-19,Completed,UPI,North
ORD01151,CUST0476,2023-09-23,Completed,Net Banking,Central
ORD01152,CUST0005,2023-10-13,Completed,Debit Card,Central
ORD01153,CUST0465,2023-10-25,Completed,Debit Card,South
ORD01154,CUST0184,2023-12-19,Completed,Credit Card,South
ORD01155,CUST0020,2023-10-22,Completed,Cash on Delivery,West
ORD01156,CUST0425,2023-04-24,Pending,Net Banking,East
ORD01157,CUST0046,2023-08-17,Completed,Credit Card,North
ORD01158,CUST0012,2023-07-11,Completed,Credit Card,East
ORD01159,CUST0070,2023-07-20,Completed,Credit Card,West
ORD01160,CUST0017,2023-08-26,Completed,Cash on Delivery,West
ORD01161,CUST0371,2023-12-14,Returned,UPI,South
ORD01162,CUST0147,2023-10-29,Completed,Net Banking,West
ORD01163,CUST0154,2023-12-20,Completed,Credit Card,North
ORD01164,CUST0304,2023-09-14,Completed,Net Banking,Central
ORD01165,CUST0108,2023-03-19,Completed,Credit Card,West
ORD01166,CUST0236,2023-06-26,Cancelled,UPI,South
ORD01167,CUST0308,2023-01-13,Completed,UPI,West
ORD01168,CUST0352,2023-09-05,Completed,Credit Card,South
ORD01169,CUST0070,2023-02-23,Completed,Cash on Delivery,West
ORD01170,CUST0183,2023-06-01,Completed,Credit Card,North
ORD01171,CUST0250,2023-08-01,Pending,Net Banking,East
ORD01172,CUST0228,2023-02-13,Pending,UPI,South
ORD01173,CUST0102,2023-03-01,Completed,UPI,North
ORD01174,CUST0075,2023-03-14,Completed,Credit Card,Central
ORD01175,CUST0417,2023-06-28,Pending,Credit Card,South
ORD01176,CUST0446,2023-06-09,Returned,Cash on Delivery,West
ORD01177,CUST0216,2023-06-25,Completed,Credit Card,East
ORD01178,CUST0407,2023-08-22,Completed,Cash on Delivery,North
ORD01179,CUST0399,2023-04-16,Completed,Debit Card,West
ORD01180,CUST0411,2023-09-24,Cancelled,Credit Card,South
ORD01181,CUST0203,2023-09-05,Completed,Credit Card,North
ORD01182,CUST0192,2023-06-28,Completed,Net Banking,Central
ORD01183,CUST0249,2023-09-01,Pending,Debit Card,West
ORD01184,CUST0499,2023-02-19,Completed,Cash on Delivery,North
ORD01185,CUST0242,2023-08-13,Completed,UPI,North
ORD01186,CUST0465,2023-12-23,Completed,Net Banking,South
ORD01187,CUST0179,2023-08-20,Completed,Credit Card,Central
ORD01188,CUST0437,2023-06-13,Completed,Debit Card,South
ORD01189,CUST0462,2023-02-04,Completed,Debit Card,South
ORD01190,CUST0219,2023-06-03,Completed,Credit Card,North
ORD01191,CUST0082,2023-01-23,Completed,Credit Card,North
ORD01192,CUST0092,2023-12-30,Pending,Credit Card,North
ORD01193,CUST0435,2023-02-28,Pending,Credit Card,West
ORD01194,CUST0175,2023-01-12,Completed,Cash on Delivery,West
ORD01195,CUST0239,2023-06-25,Completed,UPI,Central
ORD01196,CUST0260,2023-11-28,Completed,Credit Card,South
ORD01197,CUST0391,2023-02-25,Completed,UPI,North
ORD01198,CUST0365,2023-12-13,Completed,Debit Card,West
ORD01199,CUST0163,2023-03-26,Completed,UPI,Central
ORD01200,CUST0048,2023-05-05,Completed,UPI,Central
ORD01201,CUST0329,2023-09-22,Completed,Credit Card,South
ORD01202,CUST0328,2023-03-31,Completed,Debit Card,Central
ORD01203,CUST0116,2023-10-10,Completed,Cash on Delivery,Central
ORD01204,CUST0429,2023-03-23,Completed,Credit Card,Central
ORD01205,CUST0337,2023-06-19,Completed,Credit Card,North
ORD01206,CUST0337,2023-10-14,Completed,Credit Card,North
ORD01207,CUST0369,2023-08-07,Cancelled,Credit Card,West
ORD01208,CUST0225,2023-08-25,Cancelled,UPI,North
ORD01209,CUST0352,2023-04-29,Completed,Debit Card,South
ORD01210,CUST0328,2023-07-27,Completed,UPI,Central
ORD01211,CUST0147,2023-11-19,Completed,Cash on Delivery,West
ORD01212,CUST0063,2023-04-05,Completed,UPI,Central
ORD01213,CUST0294,2023-04-06,Completed,Net Banking,West
ORD01214,CUST0323,2023-11-24,Pending,Net Banking,South
ORD01215,CUST0443,2023-12-03,Completed,Credit Card,East
ORD01216,CUST0325,2023-08-10,Pending,UPI,North
ORD01217,CUST0013,2023-07-22,Completed,UPI,Central
ORD01218,CUST0431,2023-01-15,Completed,Credit Card,South
ORD01219,CUST0494,2023-11-11,Completed,UPI,North
ORD01220,CUST0189,2023-04-12,Completed,UPI,North
ORD01221,CUST0287,2023-08-19,Completed,Debit Card,West
ORD01222,CUST0208,2023-10-31,Completed,UPI,East
ORD01223,CUST0114,2023-08-08,Completed,Cash on Delivery,East
ORD01224,CUST0480,2023-07-19,Returned,UPI,Central
ORD01225,CUST0022,2023-01-03,Completed,Net Banking,Central
ORD01226,CUST0349,2023-12-27,Returned,UPI,South
ORD01227,CUST0214,2023-04-20,Returned,Cash on Delivery,South
ORD01228,CUST0171,2023-04-16,Pending,UPI,North
ORD01229,CUST0323,2023-05-23,Completed,UPI,South
ORD01230,CUST0054,2023-12-27,Completed,UPI,Central
ORD01231,CUST0394,2023-02-02,Cancelled,UPI,North
ORD01232,CUST0298,2023-10-23,Completed,Credit Card,East
ORD01233,CUST0320,2023-02-22,Completed,Credit Card,East
ORD01234,CUST0126,2023-10-02,Completed,Credit Card,West
ORD01235,CUST0277,2023-04-06,Completed,Cash on Delivery,Central
ORD01236,CUST0464,2023-07-07,Completed,Credit Card,South
ORD01237,CUST0204,2023-06-16,Completed,Credit Card,North
ORD01238,CUST0194,2023-04-11,Completed,Net Banking,South
ORD01239,CUST0169,2023-08-23,Cancelled,UPI,North
ORD01240,CUST0152,2023-02-28,Completed,UPI,North
ORD01241,CUST0035,2023-05-15,Returned,Credit Card,East
ORD01242,CUST0184,2023-12-10,Completed,Debit Card,South
ORD01243,CUST0286,2023-09-08,Pending,Cash on Delivery,Central
ORD01244,CUST0057,2023-09-28,Completed,Cash on Delivery,West
ORD01245,CUST0222,2023-11-24,Pending,UPI,North
ORD01246,CUST0303,2023-06-10,Completed,Net Banking,North
ORD01247,CUST0163,2023-11-02,Pending,Credit Card,Central
ORD01248,CUST0019,2023-07-18,Completed,Credit Card,North
ORD01249,CUST0370,2023-11-09,Cancelled,Credit Card,Central
ORD01250,CUST0264,2023-07-20,Returned,UPI,North
ORD01251,CUST0282,2023-10-28,Completed,UPI,Central
ORD01252,CUST0113,2023-02-28,Completed,UPI,Central
ORD01253,CUST0488,2023-06-28,Pending,Credit Card,East
ORD01254,CUST0327,2023-06-30,Completed,UPI,East
ORD01255,CUST0030,2023-08-23,Cancelled,Net Banking,West
ORD01256,CUST0135,2023-11-13,Completed,UPI,East
ORD01257,CUST0067,2023-03-30,Completed,Net Banking,South
ORD01258,CUST0065,2023-12-11,Returned,Credit Card,South
ORD01259,CUST0292,2023-12-28,Completed,Cash on Delivery,North
ORD01260,CUST0025,2023-06-02,Pending,UPI,North
ORD01261,CUST0037,2023-11-11,Completed,Credit Card,East
ORD01262,CUST0001,2023-10-30,Completed,Credit Card,West
ORD01263,CUST0399,2023-02-13,Completed,UPI,West
ORD01264,CUST0037,2023-12-11,Completed,Cash on Delivery,East
ORD01265,CUST0141,2023-03-10,Completed,UPI,North
ORD01266,CUST0232,2023-06-10,Completed,Credit Card,North
ORD01267,CUST0136,2023-03-02,Completed,Cash on Delivery,East
ORD01268,CUST0389,2023-05-03,Completed,Net Banking,North
ORD01269,CUST0188,2023-06-06,Pending,UPI,North
ORD01270,CUST0128,2023-03-01,Completed,UPI,West
ORD01271,CUST0201,2023-04-04,Completed,Credit Card,South
ORD01272,CUST0127,2023-07-11,Completed,UPI,Central
ORD01273,CUST0257,2023-12-22,Completed,UPI,North
ORD01274,CUST0164,2023-03-14,Completed,Debit Card,North
ORD01275,CUST0035,2023-09-19,Completed,UPI,East
ORD01276,CUST0194,2023-07-18,Completed,UPI,South
ORD01277,CUST0191,2023-08-03,Completed,UPI,South
ORD01278,CUST0104,2023-11-02,Completed,Cash on Delivery,South
ORD01279,CUST0023,2023-03-12,Pending,Cash on Delivery,West
ORD01280,CUST0265,2023-10-22,Completed,UPI,West
ORD01281,CUST0290,2023-07-16,Completed,Net Banking,West
ORD01282,CUST0430,2023-08-05,Completed,UPI,West
ORD01283,CUST0462,2023-04-06,Completed,UPI,South
ORD01284,CUST0384,2023-09-07,Cancelled,Credit Card,West
ORD01285,CUST0260,2023-11-22,Completed,UPI,South
ORD01286,CUST0414,2023-10-03,Completed,Credit Card,West
ORD01287,CUST0479,2023-12-22,Completed,Cash on Delivery,Central
ORD01288,CUST0358,2023-11-27,Completed,UPI,Central
ORD01289,CUST0075,2023-03-30,Completed,Debit Card,Central
ORD01290,CUST0355,2023-10-12,Completed,UPI,South
ORD01291,CUST0072,2023-03-27,Completed,UPI,Central
ORD01292,CUST0259,2023-09-08,Completed,UPI,South
ORD01293,CUST0398,2023-05-28,Completed,Credit Card,East
ORD01294,CUST0188,2023-03-13,Completed,UPI,North
ORD01295,CUST0461,2023-04-06,Completed,Credit Card,North
ORD01296,CUST0173,2023-06-11,Completed,UPI,South
ORD01297,CUST0480,2023-08-19,Returned,UPI,Central
ORD01298,CUST0290,2023-11-14,Completed,Net Banking,West
ORD01299,CUST0045,2023-01-28,Cancelled,Credit Card,South
ORD01300,CUST0061,2023-07-03,Completed,Credit Card,South
ORD01301,CUST0083,2023-01-05,Completed,UPI,Central
ORD01302,CUST0123,2023-09-06,Completed,Debit Card,Central
ORD01303,CUST0358,2023-03-11,Completed,Net Banking,Central
ORD01304,CUST0016,2023-04-10,Completed,UPI,South
ORD01305,CUST0066,2023-07-16,Completed,UPI,West
ORD01306,CUST0424,2023-10-15,Completed,Credit Card,South
ORD01307,CUST0145,2023-09-16,Cancelled,Debit Card,West
ORD01308,CUST0375,2023-12-01,Completed,Net Banking,North
ORD01309,CUST0162,2023-09-11,Completed,Credit Card,North
ORD01310,CUST0234,2023-07-29,Completed,UPI,West
ORD01311,CUST0380,2023-12-17,Completed,Credit Card,Central
ORD01312,CUST0144,2023-09-09,Completed,Debit Card,West
ORD01313,CUST0358,2023-08-01,Completed,Credit Card,Central
ORD01314,CUST0188,2023-12-30,Cancelled,UPI,North
ORD01315,CUST0322,2023-08-16,Pending,Credit Card,South
ORD01316,CUST0450,2023-09-08,Completed,Net Banking,South
ORD01317,CUST0474,2023-03-27,Completed,Net Banking,Central
ORD01318,CUST0013,2023-02-12,Returned,Net Banking,Central
ORD01319,CUST0184,2023-10-17,Completed,UPI,South
ORD01320,CUST0111,2023-01-16,Completed,Cash on Delivery,North
ORD01321,CUST0415,2023-04-23,Completed,Credit Card,North
ORD01322,CUST0290,2023-05-30,Completed,UPI,West
ORD01323,CUST0295,2023-01-17,Completed,Credit Card,West
ORD01324,CUST0451,2023-05-21,Completed,Debit Card,East
ORD01325,CUST0392,2023-04-26,Completed,UPI,Central
ORD01326,CUST0215,2023-10-03,Completed,Net Banking,East
ORD01327,CUST0462,2023-05-28,Completed,Net Banking,South
ORD01328,CUST0120,2023-03-28,Completed,Credit Card,South
ORD01329,CUST0382,2023-08-23,Completed,Credit Card,Central
ORD01330,CUST0055,2023-10-17,Completed,Credit Card,East
ORD01331,CUST0027,2023-09-11,Completed,UPI,East
ORD01332,CUST0118,2023-10-09,Completed,Credit Card,East
ORD01333,CUST0221,2023-09-19,Completed,Credit Card,South
ORD01334,CUST0231,2023-02-27,Pending,Cash on Delivery,South
ORD01335,CUST0053,2023-10-21,Cancelled,Debit Card,West
ORD01336,CUST0295,2023-02-28,Completed,UPI,West
ORD01337,CUST0321,2023-05-18,Completed,UPI,South
ORD01338,CUST0401,2023-10-06,Completed,Credit Card,East
ORD01339,CUST0233,2023-07-07,Completed,Net Banking,West
ORD01340,CUST0158,2023-10-05,Pending,Cash on Delivery,Central
ORD01341,CUST0437,2023-01-22,Completed,Credit Card,South
ORD01342,CUST0269,2023-08-14,Completed,Credit Card,Central
ORD01343,CUST0021,2023-10-07,Completed,Net Banking,South
ORD01344,CUST0403,2023-04-22,Completed,UPI,North
ORD01345,CUST0053,2023-08-06,Completed,Credit Card,West
ORD01346,CUST0275,2023-02-22,Completed,UPI,East
ORD01347,CUST0313,2023-12-01,Completed,UPI,South
ORD01348,CUST0281,2023-05-07,Cancelled,UPI,South
ORD01349,CUST0214,2023-06-02,Returned,Net Banking,South
ORD01350,CUST0031,2023-01-17,Completed,Cash on Delivery,East
ORD01351,CUST0337,2023-08-19,Completed,UPI,North
ORD01352,CUST0183,2023-05-15,Completed,Debit Card,North
ORD01353,CUST0023,2023-06-28,Completed,UPI,West
ORD01354,CUST0032,2023-02-14,Completed,Net Banking,West
ORD01355,CUST0446,2023-08-13,Completed,UPI,West
ORD01356,CUST0074,2023-03-02,Completed,Cash on Delivery,South
ORD01357,CUST0010,2023-05-02,Completed,Cash on Delivery,Central
ORD01358,CUST0484,2023-04-18,Completed,Credit Card,Central
ORD01359,CUST0456,2023-10-29,Completed,Debit Card,South
ORD01360,CUST0054,2023-12-19,Completed,Cash on Delivery,Central
ORD01361,CUST0052,2023-06-29,Completed,Net Banking,West
ORD01362,CUST0148,2023-12-30,Returned,Credit Card,East
ORD01363,CUST0160,2023-11-09,Completed,Cash on Delivery,East
ORD01364,CUST0370,2023-11-20,Completed,Cash on Delivery,Central
ORD01365,CUST0014,2023-08-08,Cancelled,Credit Card,South
ORD01366,CUST0178,2023-03-26,Returned,Debit Card,North
ORD01367,CUST0412,2023-11-12,Completed,Credit Card,South
ORD01368,CUST0366,2023-03-13,Pending,Credit Card,Central
ORD01369,CUST0500,2023-04-16,Completed,UPI,North
ORD01370,CUST0053,2023-04-16,Completed,UPI,West
ORD01371,CUST0408,2023-01-31,Completed,UPI,West
ORD01372,CUST0335,2023-10-19,Completed,Credit Card,West
ORD01373,CUST0022,2023-06-29,Completed,Debit Card,Central
ORD01374,CUST0030,2023-09-30,Completed,Credit Card,West
ORD01375,CUST0191,2023-05-24,Completed,Credit Card,South
ORD01376,CUST0260,2023-11-02,Completed,Credit Card,South
ORD01377,CUST0205,2023-10-03,Completed,UPI,West
ORD01378,CUST0059,2023-03-28,Completed,Debit Card,West
ORD01379,CUST0471,2023-06-15,Completed,Net Banking,South
ORD01380,CUST0264,2023-12-27,Completed,Cash on Delivery,North
ORD01381,CUST0466,2023-05-30,Pending,Credit Card,South
ORD01382,CUST0012,2023-05-29,Cancelled,UPI,East
ORD01383,CUST0119,2023-10-21,Completed,UPI,North
ORD01384,CUST0415,2023-05-17,Completed,UPI,North
ORD01385,CUST0462,2023-09-21,Completed,Credit Card,South
ORD01386,CUST0290,2023-12-14,Completed,Net Banking,West
ORD01387,CUST0338,2023-02-18,Completed,UPI,West
ORD01388,CUST0248,2023-03-11,Completed,Net Banking,North
ORD01389,CUST0354,2023-07-30,Completed,UPI,West
ORD01390,CUST0127,2023-01-31,Completed,Credit Card,Central
ORD01391,CUST0075,2023-05-22,Pending,UPI,Central
ORD01392,CUST0361,2023-12-02,Completed,Credit Card,West
ORD01393,CUST0204,2023-03-06,Completed,Cash on Delivery,North
ORD01394,CUST0049,2023-12-26,Returned,UPI,South
ORD01395,CUST0079,2023-03-09,Completed,Credit Card,West
ORD01396,CUST0441,2023-05-08,Completed,Debit Card,North
ORD01397,CUST0479,2023-03-16,Completed,UPI,Central
ORD01398,CUST0241,2023-12-31,Completed,Credit Card,East
ORD01399,CUST0349,2023-06-14,Completed,UPI,South
ORD01400,CUST0154,2023-05-07,Completed,Credit Card,North
ORD01401,CUST0274,2023-12-13,Completed,Cash on Delivery,West
ORD01402,CUST0096,2023-07-21,Completed,Cash on Delivery,East
ORD01403,CUST0214,2023-09-08,Completed,Debit Card,South
ORD01404,CUST0294,2023-03-14,Completed,UPI,West
ORD01405,CUST0209,2023-10-23,Completed,UPI,West
ORD01406,CUST0343,2023-11-20,Pending,Net Banking,East
ORD01407,CUST0088,2023-05-18,Completed,Credit Card,North
ORD01408,CUST0306,2023-11-18,Completed,UPI,West
ORD01409,CUST0264,2023-08-01,Completed,UPI,North
ORD01410,CUST0425,2023-07-12,Completed,Credit Card,East
ORD01411,CUST0390,2023-08-20,Completed,UPI,South
ORD01412,CUST0325,2023-02-08,Completed,Cash on Delivery,North
ORD01413,CUST0428,2023-11-21,Cancelled,Cash on Delivery,Central
ORD01414,CUST0377,2023-02-17,Pending,Credit Card,West
ORD01415,CUST0320,2023-07-26,Completed,Credit Card,East
ORD01416,CUST0157,2023-09-21,Completed,Credit Card,West
ORD01417,CUST0156,2023-05-23,Completed,Cash on Delivery,North
ORD01418,CUST0139,2023-12-22,Completed,Credit Card,South
ORD01419,CUST0121,2023-07-08,Completed,Net Banking,South
ORD01420,CUST0065,2023-08-21,Completed,Credit Card,South
ORD01421,CUST0107,2023-09-07,Completed,UPI,East
ORD01422,CUST0147,2023-06-17,Completed,UPI,West
ORD01423,CUST0137,2023-10-25,Completed,Net Banking,West
ORD01424,CUST0411,2023-01-02,Cancelled,Credit Card,South
ORD01425,CUST0162,2023-02-17,Completed,UPI,North
ORD01426,CUST0428,2023-08-23,Completed,Credit Card,Central
ORD01427,CUST0452,2023-11-22,Completed,Net Banking,West
ORD01428,CUST0100,2023-12-07,Pending,Cash on Delivery,North
ORD01429,CUST0338,2023-12-24,Completed,Credit Card,West
ORD01430,CUST0399,2023-07-03,Completed,Cash on Delivery,West
ORD01431,CUST0307,2023-02-02,Completed,UPI,North
ORD01432,CUST0141,2023-10-01,Completed,Credit Card,North
ORD01433,CUST0083,2023-07-23,Pending,UPI,Central
ORD01434,CUST0177,2023-04-22,Completed,Credit Card,East
ORD01435,CUST0198,2023-08-08,Completed,Net Banking,North
ORD01436,CUST0112,2023-04-19,Returned,Net Banking,East
ORD01437,CUST0056,2023-09-11,Completed,Credit Card,North
ORD01438,CUST0460,2023-05-18,Completed,UPI,East
ORD01439,CUST0179,2023-06-15,Completed,Cash on Delivery,Central
ORD01440,CUST0421,2023-05-26,Returned,Debit Card,South
ORD01441,CUST0401,2023-06-22,Completed,UPI,East
ORD01442,CUST0186,2023-10-08,Completed,Debit Card,West
ORD01443,CUST0471,2023-10-23,Completed,UPI,South
ORD01444,CUST0218,2023-03-08,Completed,UPI,West
ORD01445,CUST0413,2023-10-17,Completed,Cash on Delivery,Central
ORD01446,CUST0417,2023-09-06,Completed,UPI,South
ORD01447,CUST0316,2023-06-25,Returned,UPI,South
ORD01448,CUST0475,2023-12-16,Completed,UPI,East
ORD01449,CUST0217,2023-01-25,Completed,Cash on Delivery,West
ORD01450,CUST0120,2023-01-24,Completed,Cash on Delivery,South
ORD01451,CUST0439,2023-02-20,Completed,UPI,West
ORD01452,CUST0394,2023-11-17,Cancelled,UPI,North
ORD01453,CUST0175,2023-08-24,Completed,UPI,West
ORD01454,CUST0023,2023-01-09,Completed,UPI,West
ORD01455,CUST0213,2023-03-05,Completed,Credit Card,East
ORD01456,CUST0405,2023-03-22,Completed,Net Banking,West
ORD01457,CUST0235,2023-08-14,Completed,UPI,North
ORD01458,CUST0013,2023-08-22,Completed,UPI,Central
ORD01459,CUST0101,2023-01-01,Pending,Credit Card,West
ORD01460,CUST0417,2023-08-08,Returned,Credit Card,South
ORD01461,CUST0024,2023-04-14,Completed,Debit Card,North
ORD01462,CUST0364,2023-12-19,Returned,UPI,Central
ORD01463,CUST0011,2023-03-09,Completed,Credit Card,West
ORD01464,CUST0273,2023-11-29,Completed,UPI,North
ORD01465,CUST0452,2023-06-04,Completed,UPI,West
ORD01466,CUST0431,2023-03-23,Completed,Credit Card,South
ORD01467,CUST0281,2023-05-21,Completed,UPI,South
ORD01468,CUST0094,2023-02-17,Completed,UPI,East
ORD01469,CUST0201,2023-12-02,Completed,UPI,South
ORD01470,CUST0021,2023-07-04,Completed,UPI,South
ORD01471,CUST0340,2023-05-09,Completed,UPI,West
ORD01472,CUST0467,2023-02-12,Completed,Debit Card,South
ORD01473,CUST0211,2023-07-10,Completed,UPI,East
ORD01474,CUST0140,2023-12-07,Completed,Credit Card,Central
ORD01475,CUST0293,2023-11-29,Completed,Credit Card,North
ORD01476,CUST0298,2023-03-26,Completed,UPI,East
ORD01477,CUST0401,2023-01-27,Cancelled,Net Banking,East
ORD01478,CUST0101,2023-07-22,Completed,Credit Card,West
ORD01479,CUST0304,2023-11-17,Completed,Net Banking,Central
ORD01480,CUST0359,2023-06-06,Pending,Credit Card,North
ORD01481,CUST0028,2023-12-25,Completed,UPI,South
ORD01482,CUST0041,2023-04-30,Completed,Net Banking,West
ORD01483,CUST0355,2023-08-08,Completed,UPI,South
ORD01484,CUST0303,2023-12-02,Cancelled,UPI,North
ORD01485,CUST0496,2023-02-16,Completed,Credit Card,North
ORD01486,CUST0146,2023-12-27,Completed,Net Banking,West
ORD01487,CUST0256,2023-02-18,Completed,Credit Card,East
ORD01488,CUST0462,2023-01-01,Completed,Cash on Delivery,South
ORD01489,CUST0227,2023-04-20,Completed,Credit Card,South
ORD01490,CUST0236,2023-09-02,Completed,Cash on Delivery,South
ORD01491,CUST0361,2023-02-09,Completed,UPI,West
ORD01492,CUST0380,2023-03-09,Returned,Net Banking,Central
ORD01493,CUST0455,2023-10-31,Pending,UPI,West
ORD01494,CUST0489,2023-04-26,Completed,Cash on Delivery,West
ORD01495,CUST0013,2023-09-23,Pending,Credit Card,Central
ORD01496,CUST0210,2023-12-15,Completed,Credit Card,West
ORD01497,CUST0229,2023-08-16,Completed,UPI,East
ORD01498,CUST0397,2023-01-05,Completed,Credit Card,Central
ORD01499,CUST0100,2023-01-05,Pending,Credit Card,North
ORD01500,CUST0031,2023-12-23,Pending,Debit Card,East
ORD01501,CUST0386,2023-06-25,Completed,Debit Card,North
ORD01502,CUST0016,2023-03-03,Returned,UPI,South
ORD01503,CUST0137,2023-08-05,Completed,Debit Card,West
ORD01504,CUST0329,2023-12-22,Cancelled,UPI,South
ORD01505,CUST0166,2023-03-09,Returned,Credit Card,South
ORD01506,CUST0459,2023-09-02,Completed,Net Banking,South
ORD01507,CUST0310,2023-02-06,Completed,Net Banking,Central
ORD01508,CUST0440,2023-04-28,Completed,Debit Card,North
ORD01509,CUST0470,2023-07-16,Completed,Credit Card,West
ORD01510,CUST0481,2023-02-15,Completed,Net Banking,North
ORD01511,CUST0100,2023-02-22,Completed,Credit Card,North
ORD01512,CUST0109,2023-02-22,Returned,Credit Card,East
ORD01513,CUST0343,2023-06-10,Completed,Credit Card,East
ORD01514,CUST0173,2023-07-08,Completed,Debit Card,South
ORD01515,CUST0237,2023-06-03,Pending,Cash on Delivery,North
ORD01516,CUST0162,2023-03-12,Returned,Net Banking,North
ORD01517,CUST0393,2023-07-15,Completed,UPI,Central
ORD01518,CUST0216,2023-03-10,Returned,UPI,East
ORD01519,CUST0264,2023-11-25,Completed,Credit Card,North
ORD01520,CUST0263,2023-12-13,Pending,Credit Card,Central
ORD01521,CUST0292,2023-03-15,Completed,UPI,North
ORD01522,CUST0274,2023-02-05,Completed,Net Banking,West
ORD01523,CUST0003,2023-09-29,Completed,UPI,East
ORD01524,CUST0028,2023-10-16,Completed,Credit Card,South
ORD01525,CUST0326,2023-01-05,Completed,Credit Card,North
ORD01526,CUST0492,2023-11-09,Completed,Credit Card,Central
ORD01527,CUST0428,2023-11-29,Completed,UPI,Central
ORD01528,CUST0149,2023-03-26,Cancelled,Debit Card,South
ORD01529,CUST0028,2023-08-14,Completed,UPI,South
ORD01530,CUST0488,2023-06-29,Completed,Cash on Delivery,East
ORD01531,CUST0310,2023-04-20,Completed,UPI,Central
ORD01532,CUST0438,2023-11-18,Completed,UPI,East
ORD01533,CUST0065,2023-03-19,Pending,Credit Card,South
ORD01534,CUST0356,2023-07-30,Pending,Cash on Delivery,East
ORD01535,CUST0021,2023-11-12,Completed,Net Banking,South
ORD01536,CUST0252,2023-12-18,Completed,Credit Card,West
ORD01537,CUST0235,2023-08-15,Pending,UPI,North
ORD01538,CUST0227,2023-04-22,Completed,UPI,South
ORD01539,CUST0013,2023-02-14,Pending,UPI,Central
ORD01540,CUST0313,2023-02-21,Completed,Debit Card,South
ORD01541,CUST0049,2023-03-13,Pending,UPI,South
ORD01542,CUST0118,2023-03-05,Completed,UPI,East
ORD01543,CUST0054,2023-10-29,Completed,Credit Card,Central
ORD01544,CUST0138,2023-07-16,Returned,Credit Card,South
ORD01545,CUST0053,2023-06-29,Completed,Credit Card,West
ORD01546,CUST0044,2023-08-08,Completed,Credit Card,South
ORD01547,CUST0303,2023-06-11,Completed,Net Banking,North
ORD01548,CUST0053,2023-03-13,Completed,Net Banking,West
ORD01549,CUST0074,2023-05-07,Completed,Credit Card,South
ORD01550,CUST0046,2023-05-22,Completed,Cash on Delivery,North
ORD01551,CUST0013,2023-11-27,Completed,Credit Card,Central
ORD01552,CUST0165,2023-02-13,Completed,UPI,East
ORD01553,CUST0102,2023-05-08,Pending,Credit Card,North
ORD01554,CUST0280,2023-10-11,Completed,UPI,East
ORD01555,CUST0258,2023-11-04,Completed,Credit Card,Central
ORD01556,CUST0470,2023-11-04,Completed,UPI,West
ORD01557,CUST0337,2023-11-08,Completed,UPI,North
ORD01558,CUST0356,2023-05-26,Completed,Debit Card,East
ORD01559,CUST0398,2023-12-20,Completed,Credit Card,East
ORD01560,CUST0138,2023-01-14,Completed,Credit Card,South
ORD01561,CUST0163,2023-12-04,Completed,Credit Card,Central
ORD01562,CUST0409,2023-06-04,Completed,UPI,Central
ORD01563,CUST0387,2023-04-16,Completed,Credit Card,South
ORD01564,CUST0111,2023-09-23,Completed,Cash on Delivery,North
ORD01565,CUST0102,2023-11-07,Completed,UPI,North
ORD01566,CUST0017,2023-09-18,Completed,UPI,West
ORD01567,CUST0268,2023-04-07,Completed,UPI,North
ORD01568,CUST0182,2023-07-20,Pending,Credit Card,East
ORD01569,CUST0372,2023-06-01,Completed,Credit Card,West
ORD01570,CUST0024,2023-11-27,Completed,UPI,North
ORD01571,CUST0029,2023-01-28,Completed,UPI,West
ORD01572,CUST0171,2023-05-03,Completed,Credit Card,North
ORD01573,CUST0409,2023-09-11,Completed,Credit Card,Central
ORD01574,CUST0228,2023-07-17,Completed,Debit Card,South
ORD01575,CUST0378,2023-02-27,Cancelled,Credit Card,South
ORD01576,CUST0188,2023-05-04,Completed,Cash on Delivery,North
ORD01577,CUST0346,2023-09-13,Returned,Net Banking,South
ORD01578,CUST0230,2023-11-23,Completed,Credit Card,West
ORD01579,CUST0321,2023-11-01,Completed,Credit Card,South
ORD01580,CUST0340,2023-02-06,Completed,Credit Card,West
ORD01581,CUST0119,2023-09-28,Completed,Net Banking,North
ORD01582,CUST0156,2023-01-07,Completed,UPI,North
ORD01583,CUST0272,2023-07-04,Completed,Net Banking,North
ORD01584,CUST0175,2023-06-12,Completed,Debit Card,West
ORD01585,CUST0465,2023-03-09,Returned,Net Banking,South
ORD01586,CUST0104,2023-07-18,Pending,Credit Card,South
ORD01587,CUST0092,2023-10-19,Completed,Credit Card,North
ORD01588,CUST0186,2023-08-04,Completed,Cash on Delivery,West
ORD01589,CUST0460,2023-07-07,Completed,Credit Card,East
ORD01590,CUST0283,2023-10-07,Completed,Credit Card,North
ORD01591,CUST0181,2023-12-16,Completed,Net Banking,North
ORD01592,CUST0170,2023-03-30,Completed,UPI,West
ORD01593,CUST0187,2023-08-30,Completed,Debit Card,Central
ORD01594,CUST0175,2023-02-07,Completed,Net Banking,West
ORD01595,CUST0222,2023-01-09,Returned,Credit Card,North
ORD01596,CUST0233,2023-10-28,Completed,Debit Card,West
ORD01597,CUST0162,2023-02-04,Returned,Credit Card,North
ORD01598,CUST0421,2023-01-08,Completed,UPI,South
ORD01599,CUST0134,2023-05-15,Completed,UPI,Central
ORD01600,CUST0391,2023-04-21,Completed,Credit Card,North
ORD01601,CUST0480,2023-01-21,Completed,UPI,Central
ORD01602,CUST0224,2023-01-31,Completed,Credit Card,West
ORD01603,CUST0153,2023-07-23,Completed,UPI,North
ORD01604,CUST0033,2023-09-17,Completed,UPI,West
ORD01605,CUST0055,2023-05-27,Completed,Net Banking,East
ORD01606,CUST0442,2023-11-18,Completed,Cash on Delivery,Central
ORD01607,CUST0007,2023-12-31,Completed,Credit Card,East
ORD01608,CUST0244,2023-09-14,Completed,UPI,East
ORD01609,CUST0313,2023-08-01,Completed,UPI,South
ORD01610,CUST0126,2023-08-05,Completed,Credit Card,West
ORD01611,CUST0012,2023-12-26,Completed,Net Banking,East
ORD01612,CUST0016,2023-07-25,Returned,Net Banking,South
ORD01613,CUST0208,2023-02-12,Completed,Credit Card,East
ORD01614,CUST0043,2023-11-24,Completed,UPI,West
ORD01615,CUST0373,2023-10-02,Completed,Credit Card,South
ORD01616,CUST0484,2023-10-03,Completed,UPI,Central
ORD01617,CUST0461,2023-11-12,Completed,Credit Card,North
ORD01618,CUST0135,2023-03-20,Completed,Debit Card,East
ORD01619,CUST0228,2023-05-23,Completed,Net Banking,South
ORD01620,CUST0111,2023-02-12,Pending,UPI,North
ORD01621,CUST0307,2023-06-08,Completed,UPI,North
ORD01622,CUST0457,2023-02-10,Completed,Cash on Delivery,Central
ORD01623,CUST0160,2023-09-19,Completed,UPI,East
ORD01624,CUST0331,2023-04-15,Cancelled,Credit Card,East
ORD01625,CUST0264,2023-03-21,Completed,UPI,North
ORD01626,CUST0225,2023-10-02,Completed,Cash on Delivery,North
ORD01627,CUST0471,2023-06-17,Completed,UPI,South
ORD01628,CUST0217,2023-07-20,Pending,Net Banking,West
ORD01629,CUST0456,2023-10-28,Returned,Cash on Delivery,South
ORD01630,CUST0045,2023-11-21,Completed,Cash on Delivery,South
ORD01631,CUST0214,2023-11-29,Cancelled,Cash on Delivery,South
ORD01632,CUST0059,2023-12-15,Pending,Credit Card,West
ORD01633,CUST0132,2023-11-26,Completed,UPI,Central
ORD01634,CUST0104,2023-02-03,Completed,Net Banking,South
ORD01635,CUST0195,2023-06-08,Completed,Net Banking,West
ORD01636,CUST0413,2023-12-24,Returned,UPI,Central
ORD01637,CUST0489,2023-08-12,Completed,Credit Card,West
ORD01638,CUST0157,2023-05-03,Pending,Net Banking,West
ORD01639,CUST0098,2023-01-30,Completed,Net Banking,South
ORD01640,CUST0226,2023-05-06,Completed,Credit Card,North
ORD01641,CUST0412,2023-02-14,Completed,UPI,South
ORD01642,CUST0205,2023-08-11,Completed,Credit Card,West
ORD01643,CUST0079,2023-03-01,Pending,UPI,West
ORD01644,CUST0124,2023-08-21,Pending,Credit Card,East
ORD01645,CUST0471,2023-11-10,Cancelled,UPI,South
ORD01646,CUST0428,2023-11-08,Completed,UPI,Central
ORD01647,CUST0218,2023-01-29,Completed,UPI,West
ORD01648,CUST0004,2023-06-08,Completed,Net Banking,Central
ORD01649,CUST0090,2023-12-08,Completed,Cash on Delivery,East
ORD01650,CUST0104,2023-12-03,Completed,Credit Card,South
ORD01651,CUST0393,2023-03-31,Completed,Credit Card,Central
ORD01652,CUST0119,2023-03-03,Completed,Cash on Delivery,North
ORD01653,CUST0133,2023-01-07,Returned,Credit Card,West
ORD01654,CUST0312,2023-12-29,Completed,Debit Card,East
ORD01655,CUST0096,2023-03-12,Completed,Cash on Delivery,East
ORD01656,CUST0468,2023-12-26,Completed,UPI,East
ORD01657,CUST0434,2023-01-06,Completed,Debit Card,East
ORD01658,CUST0331,2023-03-25,Completed,Credit Card,East
ORD01659,CUST0143,2023-09-12,Returned,UPI,West
ORD01660,CUST0288,2023-06-27,Cancelled,UPI,Central
ORD01661,CUST0028,2023-09-25,Cancelled,UPI,South
ORD01662,CUST0278,2023-09-22,Returned,Debit Card,East
ORD01663,CUST0233,2023-05-13,Completed,Credit Card,West
ORD01664,CUST0017,2023-03-27,Completed,UPI,West
ORD01665,CUST0059,2023-07-10,Completed,UPI,West
ORD01666,CUST0090,2023-03-06,Completed,Net Banking,East
ORD01667,CUST0492,2023-05-18,Completed,Credit Card,Central
ORD01668,CUST0199,2023-03-02,Completed,UPI,Central
ORD01669,CUST0362,2023-01-16,Completed,Cash on Delivery,West
ORD01670,CUST0441,2023-06-21,Completed,Credit Card,North
ORD01671,CUST0026,2023-08-08,Completed,Cash on Delivery,East
ORD01672,CUST0025,2023-05-20,Completed,UPI,North
ORD01673,CUST0394,2023-09-26,Completed,Net Banking,North
ORD01674,CUST0301,2023-02-02,Completed,Net Banking,Central
ORD01675,CUST0339,2023-05-15,Completed,Credit Card,Central
ORD01676,CUST0267,2023-12-31,Completed,UPI,West
ORD01677,CUST0461,2023-10-23,Completed,Cash on Delivery,North
ORD01678,CUST0181,2023-11-18,Completed,UPI,North
ORD01679,CUST0456,2023-02-09,Pending,Debit Card,South
ORD01680,CUST0360,2023-09-12,Completed,UPI,Central
ORD01681,CUST0068,2023-08-22,Completed,Credit Card,South
ORD01682,CUST0495,2023-09-19,Completed,UPI,Central
ORD01683,CUST0351,2023-07-04,Completed,Debit Card,South
ORD01684,CUST0412,2023-01-29,Pending,UPI,South
ORD01685,CUST0459,2023-09-13,Completed,Cash on Delivery,South
ORD01686,CUST0491,2023-10-18,Completed,Cash on Delivery,North
ORD01687,CUST0321,2023-03-27,Completed,UPI,South
ORD01688,CUST0049,2023-07-08,Completed,Credit Card,South
ORD01689,CUST0175,2023-03-22,Completed,Net Banking,West
ORD01690,CUST0052,2023-05-11,Completed,UPI,West
ORD01691,CUST0102,2023-02-22,Completed,Net Banking,North
ORD01692,CUST0216,2023-10-21,Completed,UPI,East
ORD01693,CUST0438,2023-12-12,Completed,UPI,East
ORD01694,CUST0188,2023-03-01,Completed,Net Banking,North
ORD01695,CUST0057,2023-04-27,Completed,UPI,West
ORD01696,CUST0047,2023-09-18,Completed,UPI,South
ORD01697,CUST0159,2023-01-02,Completed,UPI,North
ORD01698,CUST0489,2023-01-23,Completed,UPI,West
ORD01699,CUST0174,2023-01-07,Completed,UPI,West
ORD01700,CUST0242,2023-05-06,Returned,Cash on Delivery,North
ORD01701,CUST0282,2023-01-24,Completed,UPI,Central
ORD01702,CUST0241,2023-08-30,Completed,UPI,East
ORD01703,CUST0370,2023-07-06,Completed,Net Banking,Central
ORD01704,CUST0005,2023-07-16,Completed,Credit Card,Central
ORD01705,CUST0084,2023-03-18,Completed,Credit Card,Central
ORD01706,CUST0308,2023-04-02,Completed,Debit Card,West
ORD01707,CUST0361,2023-01-19,Completed,Net Banking,West
ORD01708,CUST0459,2023-10-11,Cancelled,UPI,South
ORD01709,CUST0248,2023-12-02,Completed,UPI,North
ORD01710,CUST0054,2023-08-03,Completed,Credit Card,Central
ORD01711,CUST0161,2023-04-25,Cancelled,UPI,East
ORD01712,CUST0434,2023-06-14,Completed,UPI,East
ORD01713,CUST0422,2023-05-08,Cancelled,UPI,West
ORD01714,CUST0411,2023-08-02,Completed,UPI,South
ORD01715,CUST0226,2023-06-13,Pending,Credit Card,North
ORD01716,CUST0015,2023-05-19,Completed,Credit Card,West
ORD01717,CUST0224,2023-02-09,Completed,Debit Card,West
ORD01718,CUST0061,2023-10-20,Cancelled,UPI,South
ORD01719,CUST0122,2023-07-10,Completed,UPI,West
ORD01720,CUST0277,2023-03-03,Completed,Credit Card,Central
ORD01721,CUST0046,2023-09-15,Completed,Credit Card,North
ORD01722,CUST0453,2023-12-11,Completed,Net Banking,Central
ORD01723,CUST0390,2023-01-27,Completed,UPI,South
ORD01724,CUST0294,2023-04-02,Completed,UPI,West
ORD01725,CUST0062,2023-04-25,Completed,Credit Card,West
ORD01726,CUST0086,2023-09-22,Completed,Net Banking,North
ORD01727,CUST0446,2023-01-24,Completed,Credit Card,West
ORD01728,CUST0210,2023-07-25,Completed,Credit Card,West
ORD01729,CUST0078,2023-02-05,Completed,UPI,West
ORD01730,CUST0202,2023-08-27,Completed,Credit Card,East
ORD01731,CUST0302,2023-05-25,Completed,Credit Card,Central
ORD01732,CUST0397,2023-06-09,Completed,UPI,Central
ORD01733,CUST0223,2023-06-17,Completed,Net Banking,East
ORD01734,CUST0222,2023-02-14,Completed,Cash on Delivery,North
ORD01735,CUST0003,2023-10-11,Completed,UPI,East
ORD01736,CUST0478,2023-08-22,Pending,Credit Card,North
ORD01737,CUST0006,2023-01-05,Completed,Credit Card,South
ORD01738,CUST0093,2023-07-08,Completed,Debit Card,East
ORD01739,CUST0008,2023-04-13,Completed,UPI,East
ORD01740,CUST0428,2023-05-30,Pending,Net Banking,Central
ORD01741,CUST0493,2023-10-16,Returned,Credit Card,West
ORD01742,CUST0235,2023-06-05,Completed,UPI,North
ORD01743,CUST0108,2023-11-15,Completed,Credit Card,West
ORD01744,CUST0161,2023-05-05,Cancelled,UPI,East
ORD01745,CUST0209,2023-08-26,Completed,Debit Card,West
ORD01746,CUST0240,2023-07-08,Completed,Debit Card,Central
ORD01747,CUST0331,2023-10-30,Completed,UPI,East
ORD01748,CUST0333,2023-09-10,Completed,UPI,North
ORD01749,CUST0050,2023-04-11,Returned,Debit Card,West
ORD01750,CUST0011,2023-10-07,Returned,Net Banking,West
ORD01751,CUST0351,2023-05-06,Completed,Credit Card,South
ORD01752,CUST0156,2023-03-19,Completed,UPI,North
ORD01753,CUST0492,2023-01-04,Cancelled,Credit Card,Central
ORD01754,CUST0070,2023-07-29,Completed,UPI,West
ORD01755,CUST0169,2023-01-13,Completed,UPI,North
ORD01756,CUST0272,2023-04-30,Cancelled,UPI,North
ORD01757,CUST0068,2023-10-05,Completed,UPI,South
ORD01758,CUST0355,2023-06-27,Completed,Credit Card,South
ORD01759,CUST0252,2023-11-22,Completed,UPI,West
ORD01760,CUST0048,2023-12-22,Cancelled,Cash on Delivery,Central
ORD01761,CUST0184,2023-01-05,Completed,Net Banking,South
ORD01762,CUST0320,2023-06-21,Completed,UPI,East
ORD01763,CUST0187,2023-01-01,Completed,Debit Card,Central
ORD01764,CUST0090,2023-12-03,Pending,Cash on Delivery,East
ORD01765,CUST0446,2023-07-12,Pending,Credit Card,West
ORD01766,CUST0332,2023-06-07,Completed,Credit Card,South
ORD01767,CUST0139,2023-02-23,Completed,Net Banking,South
ORD01768,CUST0357,2023-04-16,Completed,Cash on Delivery,West
ORD01769,CUST0089,2023-09-29,Returned,Debit Card,West
ORD01770,CUST0274,2023-05-02,Completed,Cash on Delivery,West
ORD01771,CUST0019,2023-08-03,Returned,UPI,North
ORD01772,CUST0471,2023-09-09,Completed,UPI,South
ORD01773,CUST0311,2023-01-31,Pending,Credit Card,North
ORD01774,CUST0358,2023-03-14,Pending,Credit Card,Central
ORD01775,CUST0374,2023-12-31,Completed,UPI,East
ORD01776,CUST0466,2023-05-24,Returned,UPI,South
ORD01777,CUST0154,2023-02-17,Completed,UPI,North
ORD01778,CUST0390,2023-01-23,Completed,Net Banking,South
ORD01779,CUST0260,2023-04-29,Completed,Credit Card,South
ORD01780,CUST0108,2023-09-24,Completed,UPI,West
ORD01781,CUST0371,2023-07-31,Completed,Credit Card,South
ORD01782,CUST0285,2023-12-25,Completed,UPI,North
ORD01783,CUST0059,2023-07-10,Completed,Net Banking,West
ORD01784,CUST0125,2023-08-23,Completed,Net Banking,North
ORD01785,CUST0354,2023-02-13,Completed,Debit Card,West
ORD01786,CUST0273,2023-10-25,Completed,Credit Card,North
ORD01787,CUST0107,2023-02-18,Completed,UPI,East
ORD01788,CUST0299,2023-09-16,Completed,UPI,West
ORD01789,CUST0245,2023-03-10,Completed,UPI,East
ORD01790,CUST0336,2023-11-23,Completed,Cash on Delivery,South
ORD01791,CUST0450,2023-07-21,Completed,Net Banking,South
ORD01792,CUST0418,2023-02-08,Pending,Cash on Delivery,South
ORD01793,CUST0247,2023-10-31,Cancelled,Credit Card,West
ORD01794,CUST0008,2023-10-18,Completed,Cash on Delivery,East
ORD01795,CUST0141,2023-02-01,Pending,Credit Card,North
ORD01796,CUST0362,2023-08-11,Cancelled,Cash on Delivery,West
ORD01797,CUST0008,2023-12-06,Pending,UPI,East
ORD01798,CUST0478,2023-03-08,Completed,UPI,North
ORD01799,CUST0352,2023-05-02,Returned,UPI,South
ORD01800,CUST0484,2023-05-30,Completed,Debit Card,Central
ORD01794,CUST0008,2023-10-18,Completed,Cash on Delivery,East
ORD00514,CUST0286,2023-06-01,Completed,UPI,Central
ORD00190,CUST0356,2023-09-16,Cancelled,UPI,East
ORD00883,CUST0084,2023-11-29,Pending,UPI,Central
ORD00058,CUST0394,2023-02-07,Pending,Cash on Delivery,North
ORD00182,CUST0320,2023-09-21,Pending,Debit Card,East
ORD01719,CUST0122,2023-07-10,Completed,UPI,West
ORD01490,CUST0236,2023-09-02,Completed,Cash on Delivery,South
